Dest_ ZIP,Mode,Zone
005,0,002
006,0,045
007,0,045
009,0,045
010,0,002
011,0,002
012,0,002
013,0,002
014,0,003
015,0,002
016,0,002
017,0,003
018,0,003
019,0,003
020,0,003
021,0,003
022,0,003
023,0,003
024,0,003
025,0,003
026,0,003
027,0,003
028,0,003
029,0,003
030,0,003
031,0,003
032,0,003
033,0,003
034,0,003
035,0,003
036,0,003
037,0,003
038,0,003
039,0,003
040,0,003
041,0,003
042,0,003
043,0,004
044,0,004
045,0,004
046,0,004
047,0,004
048,0,004
049,0,004
050,0,003
051,0,003
052,0,002
053,0,002
054,0,003
055,0,003
056,0,003
057,0,003
058,0,003
059,0,003
060,0,002
061,0,002
062,0,002
063,0,002
064,0,002
065,0,002
066,0,002
067,0,002
068,0,002
069,0,002
070,0,002
071,0,002
072,0,002
073,0,002
074,0,002
075,0,002
076,0,002
077,0,002
078,0,002
079,0,002
080,0,002
081,0,002
082,0,002
083,0,002
084,0,002
085,0,002
086,0,002
087,0,002
088,0,002
089,0,002
100,0,002
101,0,002
102,0,002
103,0,002
104,0,002
105,0,002
106,0,002
107,0,002
108,0,002
109,0,002
110,0,002
111,0,002
112,0,002
113,0,002
114,0,002
115,0,002
116,0,002
117,0,002
118,0,002
119,0,002
120,0,002
121,0,002
122,0,002
123,0,002
124,0,002
125,0,002
126,0,002
127,0,002
128,0,003
129,0,003
130,0,003
131,0,003
132,0,003
133,0,003
134,0,003
135,0,003
136,0,003
137,0,002
138,0,002
139,0,002
140,0,003
141,0,003
142,0,003
143,0,003
144,0,003
145,0,003
146,0,003
147,0,003
148,0,002
149,0,002
150,0,004
151,0,004
152,0,004
153,0,004
154,0,003
155,0,003
156,0,003
157,0,003
158,0,003
159,0,003
160,0,003
161,0,003
162,0,003
163,0,003
164,0,004
165,0,004
166,0,003
167,0,003
168,0,003
169,0,003
170,0,002
171,0,002
172,0,002
173,0,002
174,0,002
175,0,002
176,0,002
177,0,002
178,0,002
179,0,002
180,0,002
181,0,002
182,0,002
183,0,002
184,0,002
185,0,002
186,0,002
187,0,002
188,0,002
189,0,002
190,0,002
191,0,002
192,0,002
193,0,002
194,0,002
195,0,002
196,0,002
197,0,002
198,0,002
199,0,002
200,0,003
201,0,003
202,0,003
203,0,003
204,0,003
205,0,003
206,0,003
207,0,003
208,0,003
209,0,003
210,0,002
211,0,002
212,0,002
214,0,003
215,0,003
216,0,003
217,0,003
218,0,003
219,0,002
220,0,003
221,0,003
222,0,003
223,0,003
224,0,003
225,0,003
226,0,003
227,0,003
228,0,003
229,0,003
230,0,004
231,0,003
232,0,003
233,0,003
234,0,003
235,0,003
236,0,003
237,0,003
238,0,003
239,0,004
240,0,004
241,0,004
242,0,004
243,0,004
244,0,003
245,0,004
246,0,004
247,0,004
248,0,004
249,0,004
250,0,004
251,0,004
252,0,004
253,0,004
254,0,003
255,0,004
256,0,004
257,0,004
258,0,004
259,0,004
260,0,004
261,0,004
262,0,004
263,0,004
264,0,004
265,0,003
266,0,004
267,0,003
268,0,003
270,0,004
271,0,004
272,0,004
273,0,004
274,0,004
275,0,004
276,0,004
277,0,004
278,0,004
279,0,004
280,0,004
281,0,004
282,0,004
283,0,004
284,0,004
285,0,004
286,0,004
287,0,004
288,0,004
289,0,005
290,0,004
291,0,004
292,0,004
293,0,004
294,0,005
295,0,004
296,0,004
297,0,004
298,0,005
299,0,005
300,0,005
301,0,005
302,0,005
303,0,005
304,0,005
305,0,005
306,0,005
307,0,005
308,0,005
309,0,005
310,0,005
311,0,005
312,0,005
313,0,005
314,0,005
315,0,005
316,0,005
317,0,005
318,0,005
319,0,005
320,0,005
321,0,005
322,0,005
323,0,005
324,0,005
325,0,006
326,0,005
327,0,005
328,0,005
329,0,005
330,0,006
331,0,006
332,0,006
333,0,006
334,0,006
335,0,005
336,0,005
337,0,005
338,0,005
339,0,006
341,0,006
342,0,005
344,0,005
346,0,005
347,0,005
349,0,006
350,0,005
351,0,005
352,0,005
354,0,005
355,0,005
356,0,005
357,0,005
358,0,005
359,0,005
360,0,005
361,0,005
362,0,005
363,0,005
364,0,005
365,0,006
366,0,006
367,0,005
368,0,005
369,0,005
370,0,005
371,0,005
372,0,005
373,0,005
374,0,005
375,0,005
376,0,004
377,0,004
378,0,004
379,0,004
380,0,005
381,0,006
382,0,005
383,0,005
384,0,005
385,0,005
386,0,006
387,0,006
388,0,005
389,0,005
390,0,006
391,0,006
392,0,006
393,0,005
394,0,006
395,0,006
396,0,006
397,0,005
398,0,005
399,0,005
400,0,005
401,0,005
402,0,005
403,0,004
404,0,004
405,0,004
406,0,004
407,0,004
408,0,004
409,0,004
410,0,005
411,0,004
412,0,004
413,0,004
414,0,004
415,0,004
416,0,004
417,0,004
418,0,004
420,0,005
421,0,005
422,0,005
423,0,005
424,0,005
425,0,004
426,0,004
427,0,005
430,0,004
431,0,004
432,0,004
433,0,004
434,0,004
435,0,004
436,0,004
437,0,004
438,0,004
439,0,004
440,0,004
441,0,004
442,0,004
443,0,004
444,0,004
445,0,004
446,0,004
447,0,004
448,0,004
449,0,004
450,0,005
451,0,004
452,0,004
453,0,004
454,0,004
455,0,004
456,0,004
457,0,004
458,0,004
459,0,004
460,0,005
461,0,005
462,0,005
463,0,005
464,0,005
465,0,005
466,0,005
467,0,004
468,0,004
469,0,005
470,0,005
471,0,005
472,0,005
473,0,004
474,0,005
475,0,005
476,0,005
477,0,005
478,0,005
479,0,005
480,0,004
481,0,004
482,0,004
483,0,004
484,0,004
485,0,004
486,0,004
487,0,004
488,0,004
489,0,004
490,0,004
491,0,004
492,0,004
493,0,004
494,0,004
495,0,004
496,0,004
497,0,005
498,0,005
499,0,005
500,0,005
501,0,005
502,0,005
503,0,005
504,0,005
505,0,006
506,0,005
507,0,005
508,0,005
509,0,005
510,0,006
511,0,006
512,0,006
513,0,006
514,0,006
515,0,006
516,0,006
520,0,005
521,0,005
522,0,005
523,0,005
524,0,005
525,0,005
526,0,005
527,0,005
528,0,005
530,0,005
531,0,005
532,0,005
534,0,005
535,0,005
537,0,005
538,0,005
539,0,005
540,0,005
541,0,005
542,0,005
543,0,005
544,0,005
545,0,005
546,0,005
547,0,005
548,0,005
549,0,005
550,0,005
551,0,005
553,0,005
554,0,005
555,0,005
556,0,005
557,0,005
558,0,005
559,0,005
560,0,006
561,0,006
562,0,006
563,0,006
564,0,006
565,0,006
566,0,006
567,0,006
569,0,006
570,0,006
571,0,006
572,0,006
573,0,006
574,0,006
575,0,006
576,0,007
577,0,007
580,0,006
581,0,006
582,0,006
583,0,006
584,0,006
585,0,006
586,0,007
587,0,007
588,0,007
590,0,007
591,0,007
592,0,007
593,0,007
594,0,008
595,0,007
596,0,008
597,0,008
598,0,008
599,0,008
600,0,005
601,0,005
602,0,005
603,0,005
604,0,005
605,0,005
606,0,005
607,0,005
608,0,005
609,0,005
610,0,005
611,0,005
612,0,005
613,0,005
614,0,005
615,0,005
616,0,005
617,0,005
618,0,005
619,0,005
620,0,005
622,0,005
623,0,005
624,0,005
625,0,005
626,0,005
627,0,005
628,0,005
629,0,005
630,0,005
631,0,005
633,0,005
634,0,005
635,0,005
636,0,005
637,0,005
638,0,005
639,0,006
640,0,006
641,0,006
644,0,006
645,0,006
646,0,006
647,0,006
648,0,006
649,0,006
650,0,005
651,0,005
652,0,005
653,0,006
654,0,005
655,0,005
656,0,006
657,0,006
658,0,006
660,0,006
661,0,006
662,0,006
664,0,006
665,0,006
666,0,006
667,0,006
668,0,006
669,0,006
670,0,006
671,0,006
672,0,006
673,0,006
674,0,006
675,0,006
676,0,006
677,0,007
678,0,006
679,0,007
680,0,006
681,0,006
683,0,006
684,0,006
685,0,006
686,0,006
687,0,006
688,0,006
689,0,006
690,0,006
691,0,006
692,0,006
693,0,007
700,0,006
701,0,006
703,0,006
704,0,006
705,0,006
706,0,006
707,0,006
708,0,006
710,0,006
711,0,006
712,0,006
713,0,006
714,0,006
716,0,006
717,0,006
718,0,006
719,0,006
720,0,006
721,0,006
722,0,006
723,0,006
724,0,005
725,0,005
726,0,006
727,0,006
728,0,006
729,0,006
730,0,006
731,0,006
733,0,007
734,0,006
735,0,006
736,0,006
737,0,006
738,0,006
739,0,007
740,0,006
741,0,006
743,0,006
744,0,006
745,0,006
746,0,006
747,0,006
748,0,006
749,0,006
750,0,006
751,0,006
752,0,006
753,0,006
754,0,006
755,0,006
756,0,006
757,0,006
758,0,006
759,0,006
760,0,006
761,0,006
762,0,006
763,0,006
764,0,006
765,0,007
766,0,006
767,0,006
768,0,007
769,0,007
770,0,006
772,0,006
773,0,006
774,0,006
775,0,006
776,0,006
777,0,006
778,0,006
779,0,007
780,0,007
781,0,007
782,0,007
783,0,007
784,0,007
785,0,007
786,0,007
787,0,007
788,0,007
789,0,007
790,0,007
791,0,007
792,0,007
793,0,007
794,0,007
795,0,007
796,0,007
797,0,007
798,0,008
799,0,008
800,0,007
801,0,007
802,0,007
803,0,007
804,0,007
805,0,007
806,0,007
807,0,007
808,0,007
809,0,007
810,0,007
811,0,007
812,0,007
813,0,007
814,0,007
815,0,008
816,0,007
820,0,007
821,0,007
822,0,007
823,0,007
824,0,007
825,0,007
826,0,007
827,0,007
828,0,007
829,0,007
830,0,007
831,0,007
832,0,008
833,0,008
834,0,008
835,0,008
836,0,008
837,0,008
838,0,008
840,0,008
841,0,008
842,0,008
843,0,008
844,0,008
845,0,008
846,0,008
847,0,008
850,0,008
851,0,008
852,0,008
853,0,008
855,0,008
856,0,008
857,0,008
859,0,008
860,0,008
863,0,008
864,0,008
865,0,008
870,0,007
871,0,007
873,0,008
874,0,008
875,0,007
877,0,007
878,0,007
879,0,007
880,0,008
881,0,007
882,0,007
883,0,007
884,0,007
885,0,008
889,0,008
890,0,008
891,0,008
893,0,008
894,0,008
895,0,008
897,0,008
898,0,008
900,0,008
901,0,008
902,0,008
903,0,008
904,0,008
905,0,008
906,0,008
907,0,008
908,0,008
910,0,008
911,0,008
912,0,008
913,0,008
914,0,008
915,0,008
916,0,008
917,0,008
918,0,008
919,0,008
920,0,008
921,0,008
922,0,008
923,0,008
924,0,008
925,0,008
926,0,008
927,0,008
928,0,008
930,0,008
931,0,008
932,0,008
933,0,008
934,0,008
935,0,008
936,0,008
937,0,008
938,0,008
939,0,008
940,0,008
941,0,008
942,0,008
943,0,008
944,0,008
945,0,008
946,0,008
947,0,008
948,0,008
949,0,008
950,0,008
951,0,008
952,0,008
953,0,008
954,0,008
955,0,008
956,0,008
957,0,008
958,0,008
959,0,008
960,0,008
961,0,008
970,0,008
971,0,008
972,0,008
973,0,008
974,0,008
975,0,008
976,0,008
977,0,008
978,0,008
979,0,008
980,0,008
981,0,008
982,0,008
983,0,008
984,0,008
985,0,008
986,0,008
988,0,008
989,0,008
990,0,008
991,0,008
992,0,008
993,0,008
994,0,008
005,1,302
006,1,302
007,1,302
009,1,302
010,1,302
011,1,302
012,1,302
013,1,302
014,1,303
015,1,302
016,1,302
017,1,303
018,1,303
019,1,303
020,1,303
021,1,303
022,1,303
023,1,303
024,1,303
025,1,303
026,1,303
027,1,303
028,1,303
029,1,303
030,1,303
031,1,303
032,1,303
033,1,303
034,1,303
035,1,303
036,1,303
037,1,303
038,1,303
039,1,303
040,1,303
041,1,303
042,1,303
043,1,304
044,1,304
045,1,304
046,1,304
047,1,304
048,1,304
049,1,304
050,1,303
051,1,303
052,1,302
053,1,302
054,1,303
055,1,303
056,1,303
057,1,303
058,1,303
059,1,303
060,1,302
061,1,302
062,1,302
063,1,302
064,1,302
065,1,302
066,1,302
067,1,302
068,1,302
069,1,302
070,1,302
071,1,302
072,1,302
073,1,302
074,1,302
075,1,302
076,1,302
077,1,302
078,1,302
079,1,302
080,1,302
081,1,302
082,1,302
083,1,302
084,1,302
085,1,302
086,1,302
087,1,302
088,1,302
089,1,302
100,1,302
101,1,302
102,1,302
103,1,302
104,1,302
105,1,302
106,1,302
107,1,302
108,1,302
109,1,302
110,1,302
111,1,302
112,1,302
113,1,302
114,1,302
115,1,302
116,1,302
117,1,302
118,1,302
119,1,302
120,1,302
121,1,302
122,1,302
123,1,302
124,1,302
125,1,302
126,1,302
127,1,302
128,1,303
129,1,303
130,1,303
131,1,303
132,1,303
133,1,303
134,1,303
135,1,303
136,1,303
137,1,302
138,1,302
139,1,302
140,1,303
141,1,303
142,1,303
143,1,303
144,1,303
145,1,303
146,1,303
147,1,303
148,1,302
149,1,302
150,1,304
151,1,304
152,1,304
153,1,304
154,1,303
155,1,303
156,1,303
157,1,303
158,1,303
159,1,303
160,1,303
161,1,303
162,1,303
163,1,303
164,1,304
165,1,304
166,1,303
167,1,303
168,1,303
169,1,303
170,1,302
171,1,302
172,1,302
173,1,302
174,1,302
175,1,302
176,1,302
177,1,302
178,1,302
179,1,302
180,1,302
181,1,302
182,1,302
183,1,302
184,1,302
185,1,302
186,1,302
187,1,302
188,1,302
189,1,302
190,1,302
191,1,302
192,1,302
193,1,302
194,1,302
195,1,302
196,1,302
197,1,302
198,1,302
199,1,302
200,1,303
201,1,303
202,1,303
203,1,303
204,1,303
205,1,303
206,1,303
207,1,303
208,1,303
209,1,303
210,1,302
211,1,302
212,1,302
214,1,303
215,1,303
216,1,303
217,1,303
218,1,303
219,1,302
220,1,303
221,1,303
222,1,303
223,1,303
224,1,303
225,1,303
226,1,303
227,1,303
228,1,303
229,1,303
230,1,304
231,1,303
232,1,303
233,1,303
234,1,303
235,1,303
236,1,303
237,1,303
238,1,303
239,1,304
240,1,304
241,1,304
242,1,304
243,1,304
244,1,303
245,1,304
246,1,304
247,1,304
248,1,304
249,1,304
250,1,304
251,1,304
252,1,304
253,1,304
254,1,303
255,1,304
256,1,304
257,1,304
258,1,304
259,1,304
260,1,304
261,1,304
262,1,304
263,1,304
264,1,304
265,1,303
266,1,304
267,1,303
268,1,303
270,1,304
271,1,304
272,1,304
273,1,304
274,1,304
275,1,304
276,1,304
277,1,304
278,1,304
279,1,304
280,1,304
281,1,304
282,1,304
283,1,304
284,1,304
285,1,304
286,1,304
287,1,304
288,1,304
289,1,305
290,1,304
291,1,304
292,1,304
293,1,304
294,1,305
295,1,304
296,1,304
297,1,304
298,1,305
299,1,305
300,1,305
301,1,305
302,1,305
303,1,305
304,1,305
305,1,305
306,1,305
307,1,305
308,1,305
309,1,305
310,1,305
311,1,305
312,1,305
313,1,305
314,1,305
315,1,305
316,1,305
317,1,305
318,1,305
319,1,305
320,1,305
321,1,305
322,1,305
323,1,305
324,1,305
325,1,306
326,1,305
327,1,305
328,1,305
329,1,305
330,1,306
331,1,306
332,1,306
333,1,306
334,1,306
335,1,305
336,1,305
337,1,305
338,1,305
339,1,306
341,1,306
342,1,305
344,1,305
346,1,305
347,1,305
349,1,306
350,1,305
351,1,305
352,1,305
354,1,305
355,1,305
356,1,305
357,1,305
358,1,305
359,1,305
360,1,305
361,1,305
362,1,305
363,1,305
364,1,305
365,1,306
366,1,306
367,1,305
368,1,305
369,1,305
370,1,305
371,1,305
372,1,305
373,1,305
374,1,305
375,1,305
376,1,304
377,1,304
378,1,304
379,1,304
380,1,305
381,1,306
382,1,305
383,1,305
384,1,305
385,1,305
386,1,306
387,1,306
388,1,305
389,1,305
390,1,306
391,1,306
392,1,306
393,1,305
394,1,306
395,1,306
396,1,306
397,1,305
398,1,305
399,1,305
400,1,305
401,1,305
402,1,305
403,1,304
404,1,304
405,1,304
406,1,304
407,1,304
408,1,304
409,1,304
410,1,305
411,1,304
412,1,304
413,1,304
414,1,304
415,1,304
416,1,304
417,1,304
418,1,304
420,1,305
421,1,305
422,1,305
423,1,305
424,1,305
425,1,304
426,1,304
427,1,305
430,1,304
431,1,304
432,1,304
433,1,304
434,1,304
435,1,304
436,1,304
437,1,304
438,1,304
439,1,304
440,1,304
441,1,304
442,1,304
443,1,304
444,1,304
445,1,304
446,1,304
447,1,304
448,1,304
449,1,304
450,1,305
451,1,304
452,1,304
453,1,304
454,1,304
455,1,304
456,1,304
457,1,304
458,1,304
459,1,304
460,1,305
461,1,305
462,1,305
463,1,305
464,1,305
465,1,305
466,1,305
467,1,304
468,1,304
469,1,305
470,1,305
471,1,305
472,1,305
473,1,304
474,1,305
475,1,305
476,1,305
477,1,305
478,1,305
479,1,305
480,1,304
481,1,304
482,1,304
483,1,304
484,1,304
485,1,304
486,1,304
487,1,304
488,1,304
489,1,304
490,1,304
491,1,304
492,1,304
493,1,304
494,1,304
495,1,304
496,1,304
497,1,305
498,1,305
499,1,305
500,1,305
501,1,305
502,1,305
503,1,305
504,1,305
505,1,306
506,1,305
507,1,305
508,1,305
509,1,305
510,1,306
511,1,306
512,1,306
513,1,306
514,1,306
515,1,306
516,1,306
520,1,305
521,1,305
522,1,305
523,1,305
524,1,305
525,1,305
526,1,305
527,1,305
528,1,305
530,1,305
531,1,305
532,1,305
534,1,305
535,1,305
537,1,305
538,1,305
539,1,305
540,1,305
541,1,305
542,1,305
543,1,305
544,1,305
545,1,305
546,1,305
547,1,305
548,1,305
549,1,305
550,1,305
551,1,305
553,1,305
554,1,305
555,1,305
556,1,305
557,1,305
558,1,305
559,1,305
560,1,306
561,1,306
562,1,306
563,1,306
564,1,306
565,1,306
566,1,306
567,1,306
569,1,306
570,1,306
571,1,306
572,1,306
573,1,306
574,1,306
575,1,306
576,1,307
577,1,307
580,1,306
581,1,306
582,1,306
583,1,306
584,1,306
585,1,306
586,1,307
587,1,307
588,1,307
590,1,307
591,1,307
592,1,307
593,1,307
594,1,308
595,1,307
596,1,308
597,1,308
598,1,308
599,1,308
600,1,305
601,1,305
602,1,305
603,1,305
604,1,305
605,1,305
606,1,305
607,1,305
608,1,305
609,1,305
610,1,305
611,1,305
612,1,305
613,1,305
614,1,305
615,1,305
616,1,305
617,1,305
618,1,305
619,1,305
620,1,305
622,1,305
623,1,305
624,1,305
625,1,305
626,1,305
627,1,305
628,1,305
629,1,305
630,1,305
631,1,305
633,1,305
634,1,305
635,1,305
636,1,305
637,1,305
638,1,305
639,1,306
640,1,306
641,1,306
644,1,306
645,1,306
646,1,306
647,1,306
648,1,306
649,1,306
650,1,305
651,1,305
652,1,305
653,1,306
654,1,305
655,1,305
656,1,306
657,1,306
658,1,306
660,1,306
661,1,306
662,1,306
664,1,306
665,1,306
666,1,306
667,1,306
668,1,306
669,1,306
670,1,306
671,1,306
672,1,306
673,1,306
674,1,306
675,1,306
676,1,306
677,1,307
678,1,306
679,1,307
680,1,306
681,1,306
683,1,306
684,1,306
685,1,306
686,1,306
687,1,306
688,1,306
689,1,306
690,1,306
691,1,306
692,1,306
693,1,307
700,1,306
701,1,306
703,1,306
704,1,306
705,1,306
706,1,306
707,1,306
708,1,306
710,1,306
711,1,306
712,1,306
713,1,306
714,1,306
716,1,306
717,1,306
718,1,306
719,1,306
720,1,306
721,1,306
722,1,306
723,1,306
724,1,305
725,1,305
726,1,306
727,1,306
728,1,306
729,1,306
730,1,306
731,1,306
733,1,307
734,1,306
735,1,306
736,1,306
737,1,306
738,1,306
739,1,307
740,1,306
741,1,306
743,1,306
744,1,306
745,1,306
746,1,306
747,1,306
748,1,306
749,1,306
750,1,306
751,1,306
752,1,306
753,1,306
754,1,306
755,1,306
756,1,306
757,1,306
758,1,306
759,1,306
760,1,306
761,1,306
762,1,306
763,1,306
764,1,306
765,1,307
766,1,306
767,1,306
768,1,307
769,1,307
770,1,306
772,1,306
773,1,306
774,1,306
775,1,306
776,1,306
777,1,306
778,1,306
779,1,307
780,1,307
781,1,307
782,1,307
783,1,307
784,1,307
785,1,307
786,1,307
787,1,307
788,1,307
789,1,307
790,1,307
791,1,307
792,1,307
793,1,307
794,1,307
795,1,307
796,1,307
797,1,307
798,1,308
799,1,308
800,1,307
801,1,307
802,1,307
803,1,307
804,1,307
805,1,307
806,1,307
807,1,307
808,1,307
809,1,307
810,1,307
811,1,307
812,1,307
813,1,307
814,1,307
815,1,308
816,1,307
820,1,307
821,1,307
822,1,307
823,1,307
824,1,307
825,1,307
826,1,307
827,1,307
828,1,307
829,1,307
830,1,307
831,1,307
832,1,308
833,1,308
834,1,308
835,1,308
836,1,308
837,1,308
838,1,308
840,1,308
841,1,308
842,1,308
843,1,308
844,1,308
845,1,308
846,1,308
847,1,308
850,1,308
851,1,308
852,1,308
853,1,308
855,1,308
856,1,308
857,1,308
859,1,308
860,1,308
863,1,308
864,1,308
865,1,308
870,1,307
871,1,307
873,1,308
874,1,308
875,1,307
877,1,307
878,1,307
879,1,307
880,1,308
881,1,307
882,1,307
883,1,307
884,1,307
885,1,308
889,1,308
890,1,308
891,1,308
893,1,308
894,1,308
895,1,308
897,1,308
898,1,308
900,1,308
901,1,308
902,1,308
903,1,308
904,1,308
905,1,308
906,1,308
907,1,308
908,1,308
910,1,308
911,1,308
912,1,308
913,1,308
914,1,308
915,1,308
916,1,308
917,1,308
918,1,308
919,1,308
920,1,308
921,1,308
922,1,308
923,1,308
924,1,308
925,1,308
926,1,308
927,1,308
928,1,308
930,1,308
931,1,308
932,1,308
933,1,308
934,1,308
935,1,308
936,1,308
937,1,308
938,1,308
939,1,308
940,1,308
941,1,308
942,1,308
943,1,308
944,1,308
945,1,308
946,1,308
947,1,308
948,1,308
949,1,308
950,1,308
951,1,308
952,1,308
953,1,308
954,1,308
955,1,308
956,1,308
957,1,308
958,1,308
959,1,308
960,1,308
961,1,308
970,1,308
971,1,308
972,1,308
973,1,308
974,1,308
975,1,308
976,1,308
977,1,308
978,1,308
979,1,308
980,1,308
981,1,308
982,1,308
983,1,308
984,1,308
985,1,308
986,1,308
988,1,308
989,1,308
990,1,308
991,1,308
992,1,308
993,1,308
994,1,308
005,2,202
006,2,225
007,2,225
009,2,225
010,2,202
011,2,202
012,2,202
013,2,202
014,2,203
015,2,202
016,2,202
017,2,203
018,2,203
019,2,203
020,2,203
021,2,203
022,2,203
023,2,203
024,2,203
025,2,203
026,2,203
027,2,203
028,2,203
029,2,203
030,2,203
031,2,203
032,2,203
033,2,203
034,2,203
035,2,203
036,2,203
037,2,203
038,2,203
039,2,203
040,2,203
041,2,203
042,2,203
043,2,204
044,2,204
045,2,204
046,2,204
047,2,204
048,2,204
049,2,204
050,2,203
051,2,203
052,2,202
053,2,202
054,2,203
055,2,203
056,2,203
057,2,203
058,2,203
059,2,203
060,2,202
061,2,202
062,2,202
063,2,202
064,2,202
065,2,202
066,2,202
067,2,202
068,2,202
069,2,202
070,2,202
071,2,202
072,2,202
073,2,202
074,2,202
075,2,202
076,2,202
077,2,202
078,2,202
079,2,202
080,2,202
081,2,202
082,2,202
083,2,202
084,2,202
085,2,202
086,2,202
087,2,202
088,2,202
089,2,202
100,2,202
101,2,202
102,2,202
103,2,202
104,2,202
105,2,202
106,2,202
107,2,202
108,2,202
109,2,202
110,2,202
111,2,202
112,2,202
113,2,202
114,2,202
115,2,202
116,2,202
117,2,202
118,2,202
119,2,202
120,2,202
121,2,202
122,2,202
123,2,202
124,2,202
125,2,202
126,2,202
127,2,202
128,2,203
129,2,203
130,2,203
131,2,203
132,2,203
133,2,203
134,2,203
135,2,203
136,2,203
137,2,202
138,2,202
139,2,202
140,2,203
141,2,203
142,2,203
143,2,203
144,2,203
145,2,203
146,2,203
147,2,203
148,2,202
149,2,202
150,2,204
151,2,204
152,2,204
153,2,204
154,2,203
155,2,203
156,2,203
157,2,203
158,2,203
159,2,203
160,2,203
161,2,203
162,2,203
163,2,203
164,2,204
165,2,204
166,2,203
167,2,203
168,2,203
169,2,203
170,2,202
171,2,202
172,2,202
173,2,202
174,2,202
175,2,202
176,2,202
177,2,202
178,2,202
179,2,202
180,2,202
181,2,202
182,2,202
183,2,202
184,2,202
185,2,202
186,2,202
187,2,202
188,2,202
189,2,202
190,2,202
191,2,202
192,2,202
193,2,202
194,2,202
195,2,202
196,2,202
197,2,202
198,2,202
199,2,202
200,2,203
201,2,203
202,2,203
203,2,203
204,2,203
205,2,203
206,2,203
207,2,203
208,2,203
209,2,203
210,2,202
211,2,202
212,2,202
214,2,203
215,2,203
216,2,203
217,2,203
218,2,203
219,2,202
220,2,203
221,2,203
222,2,203
223,2,203
224,2,203
225,2,203
226,2,203
227,2,203
228,2,203
229,2,203
230,2,204
231,2,203
232,2,203
233,2,203
234,2,203
235,2,203
236,2,203
237,2,203
238,2,203
239,2,204
240,2,204
241,2,204
242,2,204
243,2,204
244,2,203
245,2,204
246,2,204
247,2,204
248,2,204
249,2,204
250,2,204
251,2,204
252,2,204
253,2,204
254,2,203
255,2,204
256,2,204
257,2,204
258,2,204
259,2,204
260,2,204
261,2,204
262,2,204
263,2,204
264,2,204
265,2,203
266,2,204
267,2,203
268,2,203
270,2,204
271,2,204
272,2,204
273,2,204
274,2,204
275,2,204
276,2,204
277,2,204
278,2,204
279,2,204
280,2,204
281,2,204
282,2,204
283,2,204
284,2,204
285,2,204
286,2,204
287,2,204
288,2,204
289,2,205
290,2,204
291,2,204
292,2,204
293,2,204
294,2,205
295,2,204
296,2,204
297,2,204
298,2,205
299,2,205
300,2,205
301,2,205
302,2,205
303,2,205
304,2,205
305,2,205
306,2,205
307,2,205
308,2,205
309,2,205
310,2,205
311,2,205
312,2,205
313,2,205
314,2,205
315,2,205
316,2,205
317,2,205
318,2,205
319,2,205
320,2,205
321,2,205
322,2,205
323,2,205
324,2,205
325,2,206
326,2,205
327,2,205
328,2,205
329,2,205
330,2,206
331,2,206
332,2,206
333,2,206
334,2,206
335,2,205
336,2,205
337,2,205
338,2,205
339,2,206
341,2,206
342,2,205
344,2,205
346,2,205
347,2,205
349,2,206
350,2,205
351,2,205
352,2,205
354,2,205
355,2,205
356,2,205
357,2,205
358,2,205
359,2,205
360,2,205
361,2,205
362,2,205
363,2,205
364,2,205
365,2,206
366,2,206
367,2,205
368,2,205
369,2,205
370,2,205
371,2,205
372,2,205
373,2,205
374,2,205
375,2,205
376,2,204
377,2,204
378,2,204
379,2,204
380,2,205
381,2,206
382,2,205
383,2,205
384,2,205
385,2,205
386,2,206
387,2,206
388,2,205
389,2,205
390,2,206
391,2,206
392,2,206
393,2,205
394,2,206
395,2,206
396,2,206
397,2,205
398,2,205
399,2,205
400,2,205
401,2,205
402,2,205
403,2,204
404,2,204
405,2,204
406,2,204
407,2,204
408,2,204
409,2,204
410,2,205
411,2,204
412,2,204
413,2,204
414,2,204
415,2,204
416,2,204
417,2,204
418,2,204
420,2,205
421,2,205
422,2,205
423,2,205
424,2,205
425,2,204
426,2,204
427,2,205
430,2,204
431,2,204
432,2,204
433,2,204
434,2,204
435,2,204
436,2,204
437,2,204
438,2,204
439,2,204
440,2,204
441,2,204
442,2,204
443,2,204
444,2,204
445,2,204
446,2,204
447,2,204
448,2,204
449,2,204
450,2,205
451,2,204
452,2,204
453,2,204
454,2,204
455,2,204
456,2,204
457,2,204
458,2,204
459,2,204
460,2,205
461,2,205
462,2,205
463,2,205
464,2,205
465,2,205
466,2,205
467,2,204
468,2,204
469,2,205
470,2,205
471,2,205
472,2,205
473,2,204
474,2,205
475,2,205
476,2,205
477,2,205
478,2,205
479,2,205
480,2,204
481,2,204
482,2,204
483,2,204
484,2,204
485,2,204
486,2,204
487,2,204
488,2,204
489,2,204
490,2,204
491,2,204
492,2,204
493,2,204
494,2,204
495,2,204
496,2,204
497,2,205
498,2,205
499,2,205
500,2,205
501,2,205
502,2,205
503,2,205
504,2,205
505,2,206
506,2,205
507,2,205
508,2,205
509,2,205
510,2,206
511,2,206
512,2,206
513,2,206
514,2,206
515,2,206
516,2,206
520,2,205
521,2,205
522,2,205
523,2,205
524,2,205
525,2,205
526,2,205
527,2,205
528,2,205
530,2,205
531,2,205
532,2,205
534,2,205
535,2,205
537,2,205
538,2,205
539,2,205
540,2,205
541,2,205
542,2,205
543,2,205
544,2,205
545,2,205
546,2,205
547,2,205
548,2,205
549,2,205
550,2,205
551,2,205
553,2,205
554,2,205
555,2,205
556,2,205
557,2,205
558,2,205
559,2,205
560,2,206
561,2,206
562,2,206
563,2,206
564,2,206
565,2,206
566,2,206
567,2,206
569,2,206
570,2,206
571,2,206
572,2,206
573,2,206
574,2,206
575,2,206
576,2,207
577,2,207
580,2,206
581,2,206
582,2,206
583,2,206
584,2,206
585,2,206
586,2,207
587,2,207
588,2,207
590,2,207
591,2,207
592,2,207
593,2,207
594,2,208
595,2,207
596,2,208
597,2,208
598,2,208
599,2,208
600,2,205
601,2,205
602,2,205
603,2,205
604,2,205
605,2,205
606,2,205
607,2,205
608,2,205
609,2,205
610,2,205
611,2,205
612,2,205
613,2,205
614,2,205
615,2,205
616,2,205
617,2,205
618,2,205
619,2,205
620,2,205
622,2,205
623,2,205
624,2,205
625,2,205
626,2,205
627,2,205
628,2,205
629,2,205
630,2,205
631,2,205
633,2,205
634,2,205
635,2,205
636,2,205
637,2,205
638,2,205
639,2,206
640,2,206
641,2,206
644,2,206
645,2,206
646,2,206
647,2,206
648,2,206
649,2,206
650,2,205
651,2,205
652,2,205
653,2,206
654,2,205
655,2,205
656,2,206
657,2,206
658,2,206
660,2,206
661,2,206
662,2,206
664,2,206
665,2,206
666,2,206
667,2,206
668,2,206
669,2,206
670,2,206
671,2,206
672,2,206
673,2,206
674,2,206
675,2,206
676,2,206
677,2,207
678,2,206
679,2,207
680,2,206
681,2,206
683,2,206
684,2,206
685,2,206
686,2,206
687,2,206
688,2,206
689,2,206
690,2,206
691,2,206
692,2,206
693,2,207
700,2,206
701,2,206
703,2,206
704,2,206
705,2,206
706,2,206
707,2,206
708,2,206
710,2,206
711,2,206
712,2,206
713,2,206
714,2,206
716,2,206
717,2,206
718,2,206
719,2,206
720,2,206
721,2,206
722,2,206
723,2,206
724,2,205
725,2,205
726,2,206
727,2,206
728,2,206
729,2,206
730,2,206
731,2,206
733,2,207
734,2,206
735,2,206
736,2,206
737,2,206
738,2,206
739,2,207
740,2,206
741,2,206
743,2,206
744,2,206
745,2,206
746,2,206
747,2,206
748,2,206
749,2,206
750,2,206
751,2,206
752,2,206
753,2,206
754,2,206
755,2,206
756,2,206
757,2,206
758,2,206
759,2,206
760,2,206
761,2,206
762,2,206
763,2,206
764,2,206
765,2,207
766,2,206
767,2,206
768,2,207
769,2,207
770,2,206
772,2,206
773,2,206
774,2,206
775,2,206
776,2,206
777,2,206
778,2,206
779,2,207
780,2,207
781,2,207
782,2,207
783,2,207
784,2,207
785,2,207
786,2,207
787,2,207
788,2,207
789,2,207
790,2,207
791,2,207
792,2,207
793,2,207
794,2,207
795,2,207
796,2,207
797,2,207
798,2,208
799,2,208
800,2,207
801,2,207
802,2,207
803,2,207
804,2,207
805,2,207
806,2,207
807,2,207
808,2,207
809,2,207
810,2,207
811,2,207
812,2,207
813,2,207
814,2,207
815,2,208
816,2,207
820,2,207
821,2,207
822,2,207
823,2,207
824,2,207
825,2,207
826,2,207
827,2,207
828,2,207
829,2,207
830,2,207
831,2,207
832,2,208
833,2,208
834,2,208
835,2,208
836,2,208
837,2,208
838,2,208
840,2,208
841,2,208
842,2,208
843,2,208
844,2,208
845,2,208
846,2,208
847,2,208
850,2,208
851,2,208
852,2,208
853,2,208
855,2,208
856,2,208
857,2,208
859,2,208
860,2,208
863,2,208
864,2,208
865,2,208
870,2,207
871,2,207
873,2,208
874,2,208
875,2,207
877,2,207
878,2,207
879,2,207
880,2,208
881,2,207
882,2,207
883,2,207
884,2,207
885,2,208
889,2,208
890,2,208
891,2,208
893,2,208
894,2,208
895,2,208
897,2,208
898,2,208
900,2,208
901,2,208
902,2,208
903,2,208
904,2,208
905,2,208
906,2,208
907,2,208
908,2,208
910,2,208
911,2,208
912,2,208
913,2,208
914,2,208
915,2,208
916,2,208
917,2,208
918,2,208
919,2,208
920,2,208
921,2,208
922,2,208
923,2,208
924,2,208
925,2,208
926,2,208
927,2,208
928,2,208
930,2,208
931,2,208
932,2,208
933,2,208
934,2,208
935,2,208
936,2,208
937,2,208
938,2,208
939,2,208
940,2,208
941,2,208
942,2,208
943,2,208
944,2,208
945,2,208
946,2,208
947,2,208
948,2,208
949,2,208
950,2,208
951,2,208
952,2,208
953,2,208
954,2,208
955,2,208
956,2,208
957,2,208
958,2,208
959,2,208
960,2,208
961,2,208
970,2,208
971,2,208
972,2,208
973,2,208
974,2,208
975,2,208
976,2,208
977,2,208
978,2,208
979,2,208
980,2,208
981,2,208
982,2,208
983,2,208
984,2,208
985,2,208
986,2,208
988,2,208
989,2,208
990,2,208
991,2,208
992,2,208
993,2,208
994,2,208
005,3,242
006,3,242
007,3,242
009,3,242
010,3,242
011,3,242
012,3,242
013,3,242
014,3,243
015,3,242
016,3,242
017,3,243
018,3,243
019,3,243
020,3,243
021,3,243
022,3,243
023,3,243
024,3,243
025,3,243
026,3,243
027,3,243
028,3,243
029,3,243
030,3,243
031,3,243
032,3,243
033,3,243
034,3,243
035,3,243
036,3,243
037,3,243
038,3,243
039,3,243
040,3,243
041,3,243
042,3,243
043,3,244
044,3,244
045,3,244
046,3,244
047,3,244
048,3,244
049,3,244
050,3,243
051,3,243
052,3,242
053,3,242
054,3,243
055,3,243
056,3,243
057,3,243
058,3,243
059,3,243
060,3,242
061,3,242
062,3,242
063,3,242
064,3,242
065,3,242
066,3,242
067,3,242
068,3,242
069,3,242
070,3,242
071,3,242
072,3,242
073,3,242
074,3,242
075,3,242
076,3,242
077,3,242
078,3,242
079,3,242
080,3,242
081,3,242
082,3,242
083,3,242
084,3,242
085,3,242
086,3,242
087,3,242
088,3,242
089,3,242
100,3,242
101,3,242
102,3,242
103,3,242
104,3,242
105,3,242
106,3,242
107,3,242
108,3,242
109,3,242
110,3,242
111,3,242
112,3,242
113,3,242
114,3,242
115,3,242
116,3,242
117,3,242
118,3,242
119,3,242
120,3,242
121,3,242
122,3,242
123,3,242
124,3,242
125,3,242
126,3,242
127,3,242
128,3,243
129,3,243
130,3,243
131,3,243
132,3,243
133,3,243
134,3,243
135,3,243
136,3,243
137,3,242
138,3,242
139,3,242
140,3,243
141,3,243
142,3,243
143,3,243
144,3,243
145,3,243
146,3,243
147,3,243
148,3,242
149,3,242
150,3,244
151,3,244
152,3,244
153,3,244
154,3,243
155,3,243
156,3,243
157,3,243
158,3,243
159,3,243
160,3,243
161,3,243
162,3,243
163,3,243
164,3,244
165,3,244
166,3,243
167,3,243
168,3,243
169,3,243
170,3,242
171,3,242
172,3,242
173,3,242
174,3,242
175,3,242
176,3,242
177,3,242
178,3,242
179,3,242
180,3,242
181,3,242
182,3,242
183,3,242
184,3,242
185,3,242
186,3,242
187,3,242
188,3,242
189,3,242
190,3,242
191,3,242
192,3,242
193,3,242
194,3,242
195,3,242
196,3,242
197,3,242
198,3,242
199,3,242
200,3,243
201,3,243
202,3,243
203,3,243
204,3,243
205,3,243
206,3,243
207,3,243
208,3,243
209,3,243
210,3,242
211,3,242
212,3,242
214,3,243
215,3,243
216,3,243
217,3,243
218,3,243
219,3,242
220,3,243
221,3,243
222,3,243
223,3,243
224,3,243
225,3,243
226,3,243
227,3,243
228,3,243
229,3,243
230,3,244
231,3,243
232,3,243
233,3,243
234,3,243
235,3,243
236,3,243
237,3,243
238,3,243
239,3,244
240,3,244
241,3,244
242,3,244
243,3,244
244,3,243
245,3,244
246,3,244
247,3,244
248,3,244
249,3,244
250,3,244
251,3,244
252,3,244
253,3,244
254,3,243
255,3,244
256,3,244
257,3,244
258,3,244
259,3,244
260,3,244
261,3,244
262,3,244
263,3,244
264,3,244
265,3,243
266,3,244
267,3,243
268,3,243
270,3,244
271,3,244
272,3,244
273,3,244
274,3,244
275,3,244
276,3,244
277,3,244
278,3,244
279,3,244
280,3,244
281,3,244
282,3,244
283,3,244
284,3,244
285,3,244
286,3,244
287,3,244
288,3,244
289,3,245
290,3,244
291,3,244
292,3,244
293,3,244
294,3,245
295,3,244
296,3,244
297,3,244
298,3,245
299,3,245
300,3,245
301,3,245
302,3,245
303,3,245
304,3,245
305,3,245
306,3,245
307,3,245
308,3,245
309,3,245
310,3,245
311,3,245
312,3,245
313,3,245
314,3,245
315,3,245
316,3,245
317,3,245
318,3,245
319,3,245
320,3,245
321,3,245
322,3,245
323,3,245
324,3,245
325,3,246
326,3,245
327,3,245
328,3,245
329,3,245
330,3,246
331,3,246
332,3,246
333,3,246
334,3,246
335,3,245
336,3,245
337,3,245
338,3,245
339,3,246
341,3,246
342,3,245
344,3,245
346,3,245
347,3,245
349,3,246
350,3,245
351,3,245
352,3,245
354,3,245
355,3,245
356,3,245
357,3,245
358,3,245
359,3,245
360,3,245
361,3,245
362,3,245
363,3,245
364,3,245
365,3,246
366,3,246
367,3,245
368,3,245
369,3,245
370,3,245
371,3,245
372,3,245
373,3,245
374,3,245
375,3,245
376,3,244
377,3,244
378,3,244
379,3,244
380,3,245
381,3,246
382,3,245
383,3,245
384,3,245
385,3,245
386,3,246
387,3,246
388,3,245
389,3,245
390,3,246
391,3,246
392,3,246
393,3,245
394,3,246
395,3,246
396,3,246
397,3,245
398,3,245
399,3,245
400,3,245
401,3,245
402,3,245
403,3,244
404,3,244
405,3,244
406,3,244
407,3,244
408,3,244
409,3,244
410,3,245
411,3,244
412,3,244
413,3,244
414,3,244
415,3,244
416,3,244
417,3,244
418,3,244
420,3,245
421,3,245
422,3,245
423,3,245
424,3,245
425,3,244
426,3,244
427,3,245
430,3,244
431,3,244
432,3,244
433,3,244
434,3,244
435,3,244
436,3,244
437,3,244
438,3,244
439,3,244
440,3,244
441,3,244
442,3,244
443,3,244
444,3,244
445,3,244
446,3,244
447,3,244
448,3,244
449,3,244
450,3,245
451,3,244
452,3,244
453,3,244
454,3,244
455,3,244
456,3,244
457,3,244
458,3,244
459,3,244
460,3,245
461,3,245
462,3,245
463,3,245
464,3,245
465,3,245
466,3,245
467,3,244
468,3,244
469,3,245
470,3,245
471,3,245
472,3,245
473,3,244
474,3,245
475,3,245
476,3,245
477,3,245
478,3,245
479,3,245
480,3,244
481,3,244
482,3,244
483,3,244
484,3,244
485,3,244
486,3,244
487,3,244
488,3,244
489,3,244
490,3,244
491,3,244
492,3,244
493,3,244
494,3,244
495,3,244
496,3,244
497,3,245
498,3,245
499,3,245
500,3,245
501,3,245
502,3,245
503,3,245
504,3,245
505,3,246
506,3,245
507,3,245
508,3,245
509,3,245
510,3,246
511,3,246
512,3,246
513,3,246
514,3,246
515,3,246
516,3,246
520,3,245
521,3,245
522,3,245
523,3,245
524,3,245
525,3,245
526,3,245
527,3,245
528,3,245
530,3,245
531,3,245
532,3,245
534,3,245
535,3,245
537,3,245
538,3,245
539,3,245
540,3,245
541,3,245
542,3,245
543,3,245
544,3,245
545,3,245
546,3,245
547,3,245
548,3,245
549,3,245
550,3,245
551,3,245
553,3,245
554,3,245
555,3,245
556,3,245
557,3,245
558,3,245
559,3,245
560,3,246
561,3,246
562,3,246
563,3,246
564,3,246
565,3,246
566,3,246
567,3,246
569,3,246
570,3,246
571,3,246
572,3,246
573,3,246
574,3,246
575,3,246
576,3,247
577,3,247
580,3,246
581,3,246
582,3,246
583,3,246
584,3,246
585,3,246
586,3,247
587,3,247
588,3,247
590,3,247
591,3,247
592,3,247
593,3,247
594,3,248
595,3,247
596,3,248
597,3,248
598,3,248
599,3,248
600,3,245
601,3,245
602,3,245
603,3,245
604,3,245
605,3,245
606,3,245
607,3,245
608,3,245
609,3,245
610,3,245
611,3,245
612,3,245
613,3,245
614,3,245
615,3,245
616,3,245
617,3,245
618,3,245
619,3,245
620,3,245
622,3,245
623,3,245
624,3,245
625,3,245
626,3,245
627,3,245
628,3,245
629,3,245
630,3,245
631,3,245
633,3,245
634,3,245
635,3,245
636,3,245
637,3,245
638,3,245
639,3,246
640,3,246
641,3,246
644,3,246
645,3,246
646,3,246
647,3,246
648,3,246
649,3,246
650,3,245
651,3,245
652,3,245
653,3,246
654,3,245
655,3,245
656,3,246
657,3,246
658,3,246
660,3,246
661,3,246
662,3,246
664,3,246
665,3,246
666,3,246
667,3,246
668,3,246
669,3,246
670,3,246
671,3,246
672,3,246
673,3,246
674,3,246
675,3,246
676,3,246
677,3,247
678,3,246
679,3,247
680,3,246
681,3,246
683,3,246
684,3,246
685,3,246
686,3,246
687,3,246
688,3,246
689,3,246
690,3,246
691,3,246
692,3,246
693,3,247
700,3,246
701,3,246
703,3,246
704,3,246
705,3,246
706,3,246
707,3,246
708,3,246
710,3,246
711,3,246
712,3,246
713,3,246
714,3,246
716,3,246
717,3,246
718,3,246
719,3,246
720,3,246
721,3,246
722,3,246
723,3,246
724,3,245
725,3,245
726,3,246
727,3,246
728,3,246
729,3,246
730,3,246
731,3,246
733,3,247
734,3,246
735,3,246
736,3,246
737,3,246
738,3,246
739,3,247
740,3,246
741,3,246
743,3,246
744,3,246
745,3,246
746,3,246
747,3,246
748,3,246
749,3,246
750,3,246
751,3,246
752,3,246
753,3,246
754,3,246
755,3,246
756,3,246
757,3,246
758,3,246
759,3,246
760,3,246
761,3,246
762,3,246
763,3,246
764,3,246
765,3,247
766,3,246
767,3,246
768,3,247
769,3,247
770,3,246
772,3,246
773,3,246
774,3,246
775,3,246
776,3,246
777,3,246
778,3,246
779,3,247
780,3,247
781,3,247
782,3,247
783,3,247
784,3,247
785,3,247
786,3,247
787,3,247
788,3,247
789,3,247
790,3,247
791,3,247
792,3,247
793,3,247
794,3,247
795,3,247
796,3,247
797,3,247
798,3,248
799,3,248
800,3,247
801,3,247
802,3,247
803,3,247
804,3,247
805,3,247
806,3,247
807,3,247
808,3,247
809,3,247
810,3,247
811,3,247
812,3,247
813,3,247
814,3,247
815,3,248
816,3,247
820,3,247
821,3,247
822,3,247
823,3,247
824,3,247
825,3,247
826,3,247
827,3,247
828,3,247
829,3,247
830,3,247
831,3,247
832,3,248
833,3,248
834,3,248
835,3,248
836,3,248
837,3,248
838,3,248
840,3,248
841,3,248
842,3,248
843,3,248
844,3,248
845,3,248
846,3,248
847,3,248
850,3,248
851,3,248
852,3,248
853,3,248
855,3,248
856,3,248
857,3,248
859,3,248
860,3,248
863,3,248
864,3,248
865,3,248
870,3,247
871,3,247
873,3,248
874,3,248
875,3,247
877,3,247
878,3,247
879,3,247
880,3,248
881,3,247
882,3,247
883,3,247
884,3,247
885,3,248
889,3,248
890,3,248
891,3,248
893,3,248
894,3,248
895,3,248
897,3,248
898,3,248
900,3,248
901,3,248
902,3,248
903,3,248
904,3,248
905,3,248
906,3,248
907,3,248
908,3,248
910,3,248
911,3,248
912,3,248
913,3,248
914,3,248
915,3,248
916,3,248
917,3,248
918,3,248
919,3,248
920,3,248
921,3,248
922,3,248
923,3,248
924,3,248
925,3,248
926,3,248
927,3,248
928,3,248
930,3,248
931,3,248
932,3,248
933,3,248
934,3,248
935,3,248
936,3,248
937,3,248
938,3,248
939,3,248
940,3,248
941,3,248
942,3,248
943,3,248
944,3,248
945,3,248
946,3,248
947,3,248
948,3,248
949,3,248
950,3,248
951,3,248
952,3,248
953,3,248
954,3,248
955,3,248
956,3,248
957,3,248
958,3,248
959,3,248
960,3,248
961,3,248
970,3,248
971,3,248
972,3,248
973,3,248
974,3,248
975,3,248
976,3,248
977,3,248
978,3,248
979,3,248
980,3,248
981,3,248
982,3,248
983,3,248
984,3,248
985,3,248
986,3,248
988,3,248
989,3,248
990,3,248
991,3,248
992,3,248
993,3,248
994,3,248
005,4,132
006,4,132
007,4,132
009,4,132
010,4,132
011,4,132
012,4,132
013,4,132
014,4,133
015,4,132
016,4,132
017,4,133
018,4,133
019,4,133
020,4,133
021,4,133
022,4,133
023,4,133
024,4,133
025,4,133
026,4,133
027,4,133
028,4,133
029,4,133
030,4,133
031,4,133
032,4,133
033,4,133
034,4,133
035,4,133
036,4,133
037,4,133
038,4,133
039,4,133
040,4,133
041,4,133
042,4,133
043,4,134
044,4,134
045,4,134
046,4,134
047,4,134
048,4,134
049,4,134
050,4,133
051,4,133
052,4,132
053,4,132
054,4,133
055,4,133
056,4,133
057,4,133
058,4,133
059,4,133
060,4,132
061,4,132
062,4,132
063,4,132
064,4,132
065,4,132
066,4,132
067,4,132
068,4,132
069,4,132
070,4,132
071,4,132
072,4,132
073,4,132
074,4,132
075,4,132
076,4,132
077,4,132
078,4,132
079,4,132
080,4,132
081,4,132
082,4,132
083,4,132
084,4,132
085,4,132
086,4,132
087,4,132
088,4,132
089,4,132
100,4,132
101,4,132
102,4,132
103,4,132
104,4,132
105,4,132
106,4,132
107,4,132
108,4,132
109,4,132
110,4,132
111,4,132
112,4,132
113,4,132
114,4,132
115,4,132
116,4,132
117,4,132
118,4,132
119,4,132
120,4,132
121,4,132
122,4,132
123,4,132
124,4,132
125,4,132
126,4,132
127,4,132
128,4,133
129,4,133
130,4,133
131,4,133
132,4,133
133,4,133
134,4,133
135,4,133
136,4,133
137,4,132
138,4,132
139,4,132
140,4,133
141,4,133
142,4,133
143,4,133
144,4,133
145,4,133
146,4,133
147,4,133
148,4,132
149,4,132
150,4,134
151,4,134
152,4,134
153,4,134
154,4,133
155,4,133
156,4,133
157,4,133
158,4,133
159,4,133
160,4,133
161,4,133
162,4,133
163,4,133
164,4,134
165,4,134
166,4,133
167,4,133
168,4,133
169,4,133
170,4,132
171,4,132
172,4,132
173,4,132
174,4,132
175,4,132
176,4,132
177,4,132
178,4,132
179,4,132
180,4,132
181,4,132
182,4,132
183,4,132
184,4,132
185,4,132
186,4,132
187,4,132
188,4,132
189,4,132
190,4,132
191,4,132
192,4,132
193,4,132
194,4,132
195,4,132
196,4,132
197,4,132
198,4,132
199,4,132
200,4,133
201,4,133
202,4,133
203,4,133
204,4,133
205,4,133
206,4,133
207,4,133
208,4,133
209,4,133
210,4,132
211,4,132
212,4,132
214,4,133
215,4,133
216,4,133
217,4,133
218,4,133
219,4,132
220,4,133
221,4,133
222,4,133
223,4,133
224,4,133
225,4,133
226,4,133
227,4,133
228,4,133
229,4,133
230,4,134
231,4,133
232,4,133
233,4,133
234,4,133
235,4,133
236,4,133
237,4,133
238,4,133
239,4,134
240,4,134
241,4,134
242,4,134
243,4,134
244,4,133
245,4,134
246,4,134
247,4,134
248,4,134
249,4,134
250,4,134
251,4,134
252,4,134
253,4,134
254,4,133
255,4,134
256,4,134
257,4,134
258,4,134
259,4,134
260,4,134
261,4,134
262,4,134
263,4,134
264,4,134
265,4,133
266,4,134
267,4,133
268,4,133
270,4,134
271,4,134
272,4,134
273,4,134
274,4,134
275,4,134
276,4,134
277,4,134
278,4,134
279,4,134
280,4,134
281,4,134
282,4,134
283,4,134
284,4,134
285,4,134
286,4,134
287,4,134
288,4,134
289,4,135
290,4,134
291,4,134
292,4,134
293,4,134
294,4,135
295,4,134
296,4,134
297,4,134
298,4,135
299,4,135
300,4,135
301,4,135
302,4,135
303,4,135
304,4,135
305,4,135
306,4,135
307,4,135
308,4,135
309,4,135
310,4,135
311,4,135
312,4,135
313,4,135
314,4,135
315,4,135
316,4,135
317,4,135
318,4,135
319,4,135
320,4,135
321,4,135
322,4,135
323,4,135
324,4,135
325,4,136
326,4,135
327,4,135
328,4,135
329,4,135
330,4,136
331,4,136
332,4,136
333,4,136
334,4,136
335,4,135
336,4,135
337,4,135
338,4,135
339,4,136
341,4,136
342,4,135
344,4,135
346,4,135
347,4,135
349,4,136
350,4,135
351,4,135
352,4,135
354,4,135
355,4,135
356,4,135
357,4,135
358,4,135
359,4,135
360,4,135
361,4,135
362,4,135
363,4,135
364,4,135
365,4,136
366,4,136
367,4,135
368,4,135
369,4,135
370,4,135
371,4,135
372,4,135
373,4,135
374,4,135
375,4,135
376,4,134
377,4,134
378,4,134
379,4,134
380,4,135
381,4,136
382,4,135
383,4,135
384,4,135
385,4,135
386,4,136
387,4,136
388,4,135
389,4,135
390,4,136
391,4,136
392,4,136
393,4,135
394,4,136
395,4,136
396,4,136
397,4,135
398,4,135
399,4,135
400,4,135
401,4,135
402,4,135
403,4,134
404,4,134
405,4,134
406,4,134
407,4,134
408,4,134
409,4,134
410,4,135
411,4,134
412,4,134
413,4,134
414,4,134
415,4,134
416,4,134
417,4,134
418,4,134
420,4,135
421,4,135
422,4,135
423,4,135
424,4,135
425,4,134
426,4,134
427,4,135
430,4,134
431,4,134
432,4,134
433,4,134
434,4,134
435,4,134
436,4,134
437,4,134
438,4,134
439,4,134
440,4,134
441,4,134
442,4,134
443,4,134
444,4,134
445,4,134
446,4,134
447,4,134
448,4,134
449,4,134
450,4,135
451,4,134
452,4,134
453,4,134
454,4,134
455,4,134
456,4,134
457,4,134
458,4,134
459,4,134
460,4,135
461,4,135
462,4,135
463,4,135
464,4,135
465,4,135
466,4,135
467,4,134
468,4,134
469,4,135
470,4,135
471,4,135
472,4,135
473,4,134
474,4,135
475,4,135
476,4,135
477,4,135
478,4,135
479,4,135
480,4,134
481,4,134
482,4,134
483,4,134
484,4,134
485,4,134
486,4,134
487,4,134
488,4,134
489,4,134
490,4,134
491,4,134
492,4,134
493,4,134
494,4,134
495,4,134
496,4,134
497,4,135
498,4,135
499,4,135
500,4,135
501,4,135
502,4,135
503,4,135
504,4,135
505,4,136
506,4,135
507,4,135
508,4,135
509,4,135
510,4,136
511,4,136
512,4,136
513,4,136
514,4,136
515,4,136
516,4,136
520,4,135
521,4,135
522,4,135
523,4,135
524,4,135
525,4,135
526,4,135
527,4,135
528,4,135
530,4,135
531,4,135
532,4,135
534,4,135
535,4,135
537,4,135
538,4,135
539,4,135
540,4,135
541,4,135
542,4,135
543,4,135
544,4,135
545,4,135
546,4,135
547,4,135
548,4,135
549,4,135
550,4,135
551,4,135
553,4,135
554,4,135
555,4,135
556,4,135
557,4,135
558,4,135
559,4,135
560,4,136
561,4,136
562,4,136
563,4,136
564,4,136
565,4,136
566,4,136
567,4,136
569,4,136
570,4,136
571,4,136
572,4,136
573,4,136
574,4,136
575,4,136
576,4,137
577,4,137
580,4,136
581,4,136
582,4,136
583,4,136
584,4,136
585,4,136
586,4,137
587,4,137
588,4,137
590,4,137
591,4,137
592,4,137
593,4,137
594,4,138
595,4,137
596,4,138
597,4,138
598,4,138
599,4,138
600,4,135
601,4,135
602,4,135
603,4,135
604,4,135
605,4,135
606,4,135
607,4,135
608,4,135
609,4,135
610,4,135
611,4,135
612,4,135
613,4,135
614,4,135
615,4,135
616,4,135
617,4,135
618,4,135
619,4,135
620,4,135
622,4,135
623,4,135
624,4,135
625,4,135
626,4,135
627,4,135
628,4,135
629,4,135
630,4,135
631,4,135
633,4,135
634,4,135
635,4,135
636,4,135
637,4,135
638,4,135
639,4,136
640,4,136
641,4,136
644,4,136
645,4,136
646,4,136
647,4,136
648,4,136
649,4,136
650,4,135
651,4,135
652,4,135
653,4,136
654,4,135
655,4,135
656,4,136
657,4,136
658,4,136
660,4,136
661,4,136
662,4,136
664,4,136
665,4,136
666,4,136
667,4,136
668,4,136
669,4,136
670,4,136
671,4,136
672,4,136
673,4,136
674,4,136
675,4,136
676,4,136
677,4,137
678,4,136
679,4,137
680,4,136
681,4,136
683,4,136
684,4,136
685,4,136
686,4,136
687,4,136
688,4,136
689,4,136
690,4,136
691,4,136
692,4,136
693,4,137
700,4,136
701,4,136
703,4,136
704,4,136
705,4,136
706,4,136
707,4,136
708,4,136
710,4,136
711,4,136
712,4,136
713,4,136
714,4,136
716,4,136
717,4,136
718,4,136
719,4,136
720,4,136
721,4,136
722,4,136
723,4,136
724,4,135
725,4,135
726,4,136
727,4,136
728,4,136
729,4,136
730,4,136
731,4,136
733,4,137
734,4,136
735,4,136
736,4,136
737,4,136
738,4,136
739,4,137
740,4,136
741,4,136
743,4,136
744,4,136
745,4,136
746,4,136
747,4,136
748,4,136
749,4,136
750,4,136
751,4,136
752,4,136
753,4,136
754,4,136
755,4,136
756,4,136
757,4,136
758,4,136
759,4,136
760,4,136
761,4,136
762,4,136
763,4,136
764,4,136
765,4,137
766,4,136
767,4,136
768,4,137
769,4,137
770,4,136
772,4,136
773,4,136
774,4,136
775,4,136
776,4,136
777,4,136
778,4,136
779,4,137
780,4,137
781,4,137
782,4,137
783,4,137
784,4,137
785,4,137
786,4,137
787,4,137
788,4,137
789,4,137
790,4,137
791,4,137
792,4,137
793,4,137
794,4,137
795,4,137
796,4,137
797,4,137
798,4,138
799,4,138
800,4,137
801,4,137
802,4,137
803,4,137
804,4,137
805,4,137
806,4,137
807,4,137
808,4,137
809,4,137
810,4,137
811,4,137
812,4,137
813,4,137
814,4,137
815,4,138
816,4,137
820,4,137
821,4,137
822,4,137
823,4,137
824,4,137
825,4,137
826,4,137
827,4,137
828,4,137
829,4,137
830,4,137
831,4,137
832,4,138
833,4,138
834,4,138
835,4,138
836,4,138
837,4,138
838,4,138
840,4,138
841,4,138
842,4,138
843,4,138
844,4,138
845,4,138
846,4,138
847,4,138
850,4,138
851,4,138
852,4,138
853,4,138
855,4,138
856,4,138
857,4,138
859,4,138
860,4,138
863,4,138
864,4,138
865,4,138
870,4,137
871,4,137
873,4,138
874,4,138
875,4,137
877,4,137
878,4,137
879,4,137
880,4,138
881,4,137
882,4,137
883,4,137
884,4,137
885,4,138
889,4,138
890,4,138
891,4,138
893,4,138
894,4,138
895,4,138
897,4,138
898,4,138
900,4,138
901,4,138
902,4,138
903,4,138
904,4,138
905,4,138
906,4,138
907,4,138
908,4,138
910,4,138
911,4,138
912,4,138
913,4,138
914,4,138
915,4,138
916,4,138
917,4,138
918,4,138
919,4,138
920,4,138
921,4,138
922,4,138
923,4,138
924,4,138
925,4,138
926,4,138
927,4,138
928,4,138
930,4,138
931,4,138
932,4,138
933,4,138
934,4,138
935,4,138
936,4,138
937,4,138
938,4,138
939,4,138
940,4,138
941,4,138
942,4,138
943,4,138
944,4,138
945,4,138
946,4,138
947,4,138
948,4,138
949,4,138
950,4,138
951,4,138
952,4,138
953,4,138
954,4,138
955,4,138
956,4,138
957,4,138
958,4,138
959,4,138
960,4,138
961,4,138
970,4,138
971,4,138
972,4,138
973,4,138
974,4,138
975,4,138
976,4,138
977,4,138
978,4,138
979,4,138
980,4,138
981,4,138
982,4,138
983,4,138
984,4,138
985,4,138
986,4,138
988,4,138
989,4,138
990,4,138
991,4,138
992,4,138
993,4,138
994,4,138
005,5,102
006,5,125
007,5,125
009,5,125
010,5,102
011,5,102
012,5,102
013,5,102
014,5,103
015,5,102
016,5,102
017,5,103
018,5,103
019,5,103
020,5,103
021,5,103
022,5,103
023,5,103
024,5,103
025,5,103
026,5,103
027,5,103
028,5,103
029,5,103
030,5,103
031,5,103
032,5,103
033,5,103
034,5,103
035,5,103
036,5,103
037,5,103
038,5,103
039,5,103
040,5,103
041,5,103
042,5,103
043,5,104
044,5,104
045,5,104
046,5,104
047,5,104
048,5,104
049,5,104
050,5,103
051,5,103
052,5,102
053,5,102
054,5,103
055,5,103
056,5,103
057,5,103
058,5,103
059,5,103
060,5,102
061,5,102
062,5,102
063,5,102
064,5,102
065,5,102
066,5,102
067,5,102
068,5,102
069,5,102
070,5,102
071,5,102
072,5,102
073,5,102
074,5,102
075,5,102
076,5,102
077,5,102
078,5,102
079,5,102
080,5,102
081,5,102
082,5,102
083,5,102
084,5,102
085,5,102
086,5,102
087,5,102
088,5,102
089,5,102
100,5,102
101,5,102
102,5,102
103,5,102
104,5,102
105,5,102
106,5,102
107,5,102
108,5,102
109,5,102
110,5,102
111,5,102
112,5,102
113,5,102
114,5,102
115,5,102
116,5,102
117,5,102
118,5,102
119,5,102
120,5,102
121,5,102
122,5,102
123,5,102
124,5,102
125,5,102
126,5,102
127,5,102
128,5,103
129,5,103
130,5,103
131,5,103
132,5,103
133,5,103
134,5,103
135,5,103
136,5,103
137,5,102
138,5,102
139,5,102
140,5,103
141,5,103
142,5,103
143,5,103
144,5,103
145,5,103
146,5,103
147,5,103
148,5,102
149,5,102
150,5,104
151,5,104
152,5,104
153,5,104
154,5,103
155,5,103
156,5,103
157,5,103
158,5,103
159,5,103
160,5,103
161,5,103
162,5,103
163,5,103
164,5,104
165,5,104
166,5,103
167,5,103
168,5,103
169,5,103
170,5,102
171,5,102
172,5,102
173,5,102
174,5,102
175,5,102
176,5,102
177,5,102
178,5,102
179,5,102
180,5,102
181,5,102
182,5,102
183,5,102
184,5,102
185,5,102
186,5,102
187,5,102
188,5,102
189,5,102
190,5,102
191,5,102
192,5,102
193,5,102
194,5,102
195,5,102
196,5,102
197,5,102
198,5,102
199,5,102
200,5,103
201,5,103
202,5,103
203,5,103
204,5,103
205,5,103
206,5,103
207,5,103
208,5,103
209,5,103
210,5,102
211,5,102
212,5,102
214,5,103
215,5,103
216,5,103
217,5,103
218,5,103
219,5,102
220,5,103
221,5,103
222,5,103
223,5,103
224,5,103
225,5,103
226,5,103
227,5,103
228,5,103
229,5,103
230,5,104
231,5,103
232,5,103
233,5,103
234,5,103
235,5,103
236,5,103
237,5,103
238,5,103
239,5,104
240,5,104
241,5,104
242,5,104
243,5,104
244,5,103
245,5,104
246,5,104
247,5,104
248,5,104
249,5,104
250,5,104
251,5,104
252,5,104
253,5,104
254,5,103
255,5,104
256,5,104
257,5,104
258,5,104
259,5,104
260,5,104
261,5,104
262,5,104
263,5,104
264,5,104
265,5,103
266,5,104
267,5,103
268,5,103
270,5,104
271,5,104
272,5,104
273,5,104
274,5,104
275,5,104
276,5,104
277,5,104
278,5,104
279,5,104
280,5,104
281,5,104
282,5,104
283,5,104
284,5,104
285,5,104
286,5,104
287,5,104
288,5,104
289,5,105
290,5,104
291,5,104
292,5,104
293,5,104
294,5,105
295,5,104
296,5,104
297,5,104
298,5,105
299,5,105
300,5,105
301,5,105
302,5,105
303,5,105
304,5,105
305,5,105
306,5,105
307,5,105
308,5,105
309,5,105
310,5,105
311,5,105
312,5,105
313,5,105
314,5,105
315,5,105
316,5,105
317,5,105
318,5,105
319,5,105
320,5,105
321,5,105
322,5,105
323,5,105
324,5,105
325,5,106
326,5,105
327,5,105
328,5,105
329,5,105
330,5,106
331,5,106
332,5,106
333,5,106
334,5,106
335,5,105
336,5,105
337,5,105
338,5,105
339,5,106
341,5,106
342,5,105
344,5,105
346,5,105
347,5,105
349,5,106
350,5,105
351,5,105
352,5,105
354,5,105
355,5,105
356,5,105
357,5,105
358,5,105
359,5,105
360,5,105
361,5,105
362,5,105
363,5,105
364,5,105
365,5,106
366,5,106
367,5,105
368,5,105
369,5,105
370,5,105
371,5,105
372,5,105
373,5,105
374,5,105
375,5,105
376,5,104
377,5,104
378,5,104
379,5,104
380,5,105
381,5,106
382,5,105
383,5,105
384,5,105
385,5,105
386,5,106
387,5,106
388,5,105
389,5,105
390,5,106
391,5,106
392,5,106
393,5,105
394,5,106
395,5,106
396,5,106
397,5,105
398,5,105
399,5,105
400,5,105
401,5,105
402,5,105
403,5,104
404,5,104
405,5,104
406,5,104
407,5,104
408,5,104
409,5,104
410,5,105
411,5,104
412,5,104
413,5,104
414,5,104
415,5,104
416,5,104
417,5,104
418,5,104
420,5,105
421,5,105
422,5,105
423,5,105
424,5,105
425,5,104
426,5,104
427,5,105
430,5,104
431,5,104
432,5,104
433,5,104
434,5,104
435,5,104
436,5,104
437,5,104
438,5,104
439,5,104
440,5,104
441,5,104
442,5,104
443,5,104
444,5,104
445,5,104
446,5,104
447,5,104
448,5,104
449,5,104
450,5,105
451,5,104
452,5,104
453,5,104
454,5,104
455,5,104
456,5,104
457,5,104
458,5,104
459,5,104
460,5,105
461,5,105
462,5,105
463,5,105
464,5,105
465,5,105
466,5,105
467,5,104
468,5,104
469,5,105
470,5,105
471,5,105
472,5,105
473,5,104
474,5,105
475,5,105
476,5,105
477,5,105
478,5,105
479,5,105
480,5,104
481,5,104
482,5,104
483,5,104
484,5,104
485,5,104
486,5,104
487,5,104
488,5,104
489,5,104
490,5,104
491,5,104
492,5,104
493,5,104
494,5,104
495,5,104
496,5,104
497,5,105
498,5,105
499,5,105
500,5,105
501,5,105
502,5,105
503,5,105
504,5,105
505,5,106
506,5,105
507,5,105
508,5,105
509,5,105
510,5,106
511,5,106
512,5,106
513,5,106
514,5,106
515,5,106
516,5,106
520,5,105
521,5,105
522,5,105
523,5,105
524,5,105
525,5,105
526,5,105
527,5,105
528,5,105
530,5,105
531,5,105
532,5,105
534,5,105
535,5,105
537,5,105
538,5,105
539,5,105
540,5,105
541,5,105
542,5,105
543,5,105
544,5,105
545,5,105
546,5,105
547,5,105
548,5,105
549,5,105
550,5,105
551,5,105
553,5,105
554,5,105
555,5,105
556,5,105
557,5,105
558,5,105
559,5,105
560,5,106
561,5,106
562,5,106
563,5,106
564,5,106
565,5,106
566,5,106
567,5,106
569,5,106
570,5,106
571,5,106
572,5,106
573,5,106
574,5,106
575,5,106
576,5,107
577,5,107
580,5,106
581,5,106
582,5,106
583,5,106
584,5,106
585,5,106
586,5,107
587,5,107
588,5,107
590,5,107
591,5,107
592,5,107
593,5,107
594,5,108
595,5,107
596,5,108
597,5,108
598,5,108
599,5,108
600,5,105
601,5,105
602,5,105
603,5,105
604,5,105
605,5,105
606,5,105
607,5,105
608,5,105
609,5,105
610,5,105
611,5,105
612,5,105
613,5,105
614,5,105
615,5,105
616,5,105
617,5,105
618,5,105
619,5,105
620,5,105
622,5,105
623,5,105
624,5,105
625,5,105
626,5,105
627,5,105
628,5,105
629,5,105
630,5,105
631,5,105
633,5,105
634,5,105
635,5,105
636,5,105
637,5,105
638,5,105
639,5,106
640,5,106
641,5,106
644,5,106
645,5,106
646,5,106
647,5,106
648,5,106
649,5,106
650,5,105
651,5,105
652,5,105
653,5,106
654,5,105
655,5,105
656,5,106
657,5,106
658,5,106
660,5,106
661,5,106
662,5,106
664,5,106
665,5,106
666,5,106
667,5,106
668,5,106
669,5,106
670,5,106
671,5,106
672,5,106
673,5,106
674,5,106
675,5,106
676,5,106
677,5,107
678,5,106
679,5,107
680,5,106
681,5,106
683,5,106
684,5,106
685,5,106
686,5,106
687,5,106
688,5,106
689,5,106
690,5,106
691,5,106
692,5,106
693,5,107
700,5,106
701,5,106
703,5,106
704,5,106
705,5,106
706,5,106
707,5,106
708,5,106
710,5,106
711,5,106
712,5,106
713,5,106
714,5,106
716,5,106
717,5,106
718,5,106
719,5,106
720,5,106
721,5,106
722,5,106
723,5,106
724,5,105
725,5,105
726,5,106
727,5,106
728,5,106
729,5,106
730,5,106
731,5,106
733,5,107
734,5,106
735,5,106
736,5,106
737,5,106
738,5,106
739,5,107
740,5,106
741,5,106
743,5,106
744,5,106
745,5,106
746,5,106
747,5,106
748,5,106
749,5,106
750,5,106
751,5,106
752,5,106
753,5,106
754,5,106
755,5,106
756,5,106
757,5,106
758,5,106
759,5,106
760,5,106
761,5,106
762,5,106
763,5,106
764,5,106
765,5,107
766,5,106
767,5,106
768,5,107
769,5,107
770,5,106
772,5,106
773,5,106
774,5,106
775,5,106
776,5,106
777,5,106
778,5,106
779,5,107
780,5,107
781,5,107
782,5,107
783,5,107
784,5,107
785,5,107
786,5,107
787,5,107
788,5,107
789,5,107
790,5,107
791,5,107
792,5,107
793,5,107
794,5,107
795,5,107
796,5,107
797,5,107
798,5,108
799,5,108
800,5,107
801,5,107
802,5,107
803,5,107
804,5,107
805,5,107
806,5,107
807,5,107
808,5,107
809,5,107
810,5,107
811,5,107
812,5,107
813,5,107
814,5,107
815,5,108
816,5,107
820,5,107
821,5,107
822,5,107
823,5,107
824,5,107
825,5,107
826,5,107
827,5,107
828,5,107
829,5,107
830,5,107
831,5,107
832,5,108
833,5,108
834,5,108
835,5,108
836,5,108
837,5,108
838,5,108
840,5,108
841,5,108
842,5,108
843,5,108
844,5,108
845,5,108
846,5,108
847,5,108
850,5,108
851,5,108
852,5,108
853,5,108
855,5,108
856,5,108
857,5,108
859,5,108
860,5,108
863,5,108
864,5,108
865,5,108
870,5,107
871,5,107
873,5,108
874,5,108
875,5,107
877,5,107
878,5,107
879,5,107
880,5,108
881,5,107
882,5,107
883,5,107
884,5,107
885,5,108
889,5,108
890,5,108
891,5,108
893,5,108
894,5,108
895,5,108
897,5,108
898,5,108
900,5,108
901,5,108
902,5,108
903,5,108
904,5,108
905,5,108
906,5,108
907,5,108
908,5,108
910,5,108
911,5,108
912,5,108
913,5,108
914,5,108
915,5,108
916,5,108
917,5,108
918,5,108
919,5,108
920,5,108
921,5,108
922,5,108
923,5,108
924,5,108
925,5,108
926,5,108
927,5,108
928,5,108
930,5,108
931,5,108
932,5,108
933,5,108
934,5,108
935,5,108
936,5,108
937,5,108
938,5,108
939,5,108
940,5,108
941,5,108
942,5,108
943,5,108
944,5,108
945,5,108
946,5,108
947,5,108
948,5,108
949,5,108
950,5,108
951,5,108
952,5,108
953,5,108
954,5,108
955,5,108
956,5,108
957,5,108
958,5,108
959,5,108
960,5,108
961,5,108
970,5,108
971,5,108
972,5,108
973,5,108
974,5,108
975,5,108
976,5,108
977,5,108
978,5,108
979,5,108
980,5,108
981,5,108
982,5,108
983,5,108
984,5,108
985,5,108
986,5,108
988,5,108
989,5,108
990,5,108
991,5,108
992,5,108
993,5,108
994,5,108