ID,Dest_ ZIP,Mode,Zone
1,005,0,002
2,006,0,045
3,007,0,045
4,009,0,045
5,010,0,002
6,011,0,002
7,012,0,002
8,013,0,002
9,014,0,003
10,015,0,002
11,016,0,002
12,017,0,003
13,018,0,003
14,019,0,003
15,020,0,003
16,021,0,003
17,022,0,003
18,023,0,003
19,024,0,003
20,025,0,003
21,026,0,003
22,027,0,003
23,028,0,003
24,029,0,003
25,030,0,003
26,031,0,003
27,032,0,003
28,033,0,003
29,034,0,003
30,035,0,003
31,036,0,003
32,037,0,003
33,038,0,003
34,039,0,003
35,040,0,003
36,041,0,003
37,042,0,003
38,043,0,004
39,044,0,004
40,045,0,004
41,046,0,004
42,047,0,004
43,048,0,004
44,049,0,004
45,050,0,003
46,051,0,003
47,052,0,002
48,053,0,002
49,054,0,003
50,055,0,003
51,056,0,003
52,057,0,003
53,058,0,003
54,059,0,003
55,060,0,002
56,061,0,002
57,062,0,002
58,063,0,002
59,064,0,002
60,065,0,002
61,066,0,002
62,067,0,002
63,068,0,002
64,069,0,002
65,070,0,002
66,071,0,002
67,072,0,002
68,073,0,002
69,074,0,002
70,075,0,002
71,076,0,002
72,077,0,002
73,078,0,002
74,079,0,002
75,080,0,002
76,081,0,002
77,082,0,002
78,083,0,002
79,084,0,002
80,085,0,002
81,086,0,002
82,087,0,002
83,088,0,002
84,089,0,002
85,100,0,002
86,101,0,002
87,102,0,002
88,103,0,002
89,104,0,002
90,105,0,002
91,106,0,002
92,107,0,002
93,108,0,002
94,109,0,002
95,110,0,002
96,111,0,002
97,112,0,002
98,113,0,002
99,114,0,002
100,115,0,002
101,116,0,002
102,117,0,002
103,118,0,002
104,119,0,002
105,120,0,002
106,121,0,002
107,122,0,002
108,123,0,002
109,124,0,002
110,125,0,002
111,126,0,002
112,127,0,002
113,128,0,003
114,129,0,003
115,130,0,003
116,131,0,003
117,132,0,003
118,133,0,003
119,134,0,003
120,135,0,003
121,136,0,003
122,137,0,002
123,138,0,002
124,139,0,002
125,140,0,003
126,141,0,003
127,142,0,003
128,143,0,003
129,144,0,003
130,145,0,003
131,146,0,003
132,147,0,003
133,148,0,002
134,149,0,002
135,150,0,004
136,151,0,004
137,152,0,004
138,153,0,004
139,154,0,003
140,155,0,003
141,156,0,003
142,157,0,003
143,158,0,003
144,159,0,003
145,160,0,003
146,161,0,003
147,162,0,003
148,163,0,003
149,164,0,004
150,165,0,004
151,166,0,003
152,167,0,003
153,168,0,003
154,169,0,003
155,170,0,002
156,171,0,002
157,172,0,002
158,173,0,002
159,174,0,002
160,175,0,002
161,176,0,002
162,177,0,002
163,178,0,002
164,179,0,002
165,180,0,002
166,181,0,002
167,182,0,002
168,183,0,002
169,184,0,002
170,185,0,002
171,186,0,002
172,187,0,002
173,188,0,002
174,189,0,002
175,190,0,002
176,191,0,002
177,192,0,002
178,193,0,002
179,194,0,002
180,195,0,002
181,196,0,002
182,197,0,002
183,198,0,002
184,199,0,002
185,200,0,003
186,201,0,003
187,202,0,003
188,203,0,003
189,204,0,003
190,205,0,003
191,206,0,003
192,207,0,003
193,208,0,003
194,209,0,003
195,210,0,002
196,211,0,002
197,212,0,002
198,214,0,003
199,215,0,003
200,216,0,003
201,217,0,003
202,218,0,003
203,219,0,002
204,220,0,003
205,221,0,003
206,222,0,003
207,223,0,003
208,224,0,003
209,225,0,003
210,226,0,003
211,227,0,003
212,228,0,003
213,229,0,003
214,230,0,004
215,231,0,003
216,232,0,003
217,233,0,003
218,234,0,003
219,235,0,003
220,236,0,003
221,237,0,003
222,238,0,003
223,239,0,004
224,240,0,004
225,241,0,004
226,242,0,004
227,243,0,004
228,244,0,003
229,245,0,004
230,246,0,004
231,247,0,004
232,248,0,004
233,249,0,004
234,250,0,004
235,251,0,004
236,252,0,004
237,253,0,004
238,254,0,003
239,255,0,004
240,256,0,004
241,257,0,004
242,258,0,004
243,259,0,004
244,260,0,004
245,261,0,004
246,262,0,004
247,263,0,004
248,264,0,004
249,265,0,003
250,266,0,004
251,267,0,003
252,268,0,003
253,270,0,004
254,271,0,004
255,272,0,004
256,273,0,004
257,274,0,004
258,275,0,004
259,276,0,004
260,277,0,004
261,278,0,004
262,279,0,004
263,280,0,004
264,281,0,004
265,282,0,004
266,283,0,004
267,284,0,004
268,285,0,004
269,286,0,004
270,287,0,004
271,288,0,004
272,289,0,005
273,290,0,004
274,291,0,004
275,292,0,004
276,293,0,004
277,294,0,005
278,295,0,004
279,296,0,004
280,297,0,004
281,298,0,005
282,299,0,005
283,300,0,005
284,301,0,005
285,302,0,005
286,303,0,005
287,304,0,005
288,305,0,005
289,306,0,005
290,307,0,005
291,308,0,005
292,309,0,005
293,310,0,005
294,311,0,005
295,312,0,005
296,313,0,005
297,314,0,005
298,315,0,005
299,316,0,005
300,317,0,005
301,318,0,005
302,319,0,005
303,320,0,005
304,321,0,005
305,322,0,005
306,323,0,005
307,324,0,005
308,325,0,006
309,326,0,005
310,327,0,005
311,328,0,005
312,329,0,005
313,330,0,006
314,331,0,006
315,332,0,006
316,333,0,006
317,334,0,006
318,335,0,005
319,336,0,005
320,337,0,005
321,338,0,005
322,339,0,006
323,341,0,006
324,342,0,005
325,344,0,005
326,346,0,005
327,347,0,005
328,349,0,006
329,350,0,005
330,351,0,005
331,352,0,005
332,354,0,005
333,355,0,005
334,356,0,005
335,357,0,005
336,358,0,005
337,359,0,005
338,360,0,005
339,361,0,005
340,362,0,005
341,363,0,005
342,364,0,005
343,365,0,006
344,366,0,006
345,367,0,005
346,368,0,005
347,369,0,005
348,370,0,005
349,371,0,005
350,372,0,005
351,373,0,005
352,374,0,005
353,375,0,005
354,376,0,004
355,377,0,004
356,378,0,004
357,379,0,004
358,380,0,005
359,381,0,006
360,382,0,005
361,383,0,005
362,384,0,005
363,385,0,005
364,386,0,006
365,387,0,006
366,388,0,005
367,389,0,005
368,390,0,006
369,391,0,006
370,392,0,006
371,393,0,005
372,394,0,006
373,395,0,006
374,396,0,006
375,397,0,005
376,398,0,005
377,399,0,005
378,400,0,005
379,401,0,005
380,402,0,005
381,403,0,004
382,404,0,004
383,405,0,004
384,406,0,004
385,407,0,004
386,408,0,004
387,409,0,004
388,410,0,005
389,411,0,004
390,412,0,004
391,413,0,004
392,414,0,004
393,415,0,004
394,416,0,004
395,417,0,004
396,418,0,004
397,420,0,005
398,421,0,005
399,422,0,005
400,423,0,005
401,424,0,005
402,425,0,004
403,426,0,004
404,427,0,005
405,430,0,004
406,431,0,004
407,432,0,004
408,433,0,004
409,434,0,004
410,435,0,004
411,436,0,004
412,437,0,004
413,438,0,004
414,439,0,004
415,440,0,004
416,441,0,004
417,442,0,004
418,443,0,004
419,444,0,004
420,445,0,004
421,446,0,004
422,447,0,004
423,448,0,004
424,449,0,004
425,450,0,005
426,451,0,004
427,452,0,004
428,453,0,004
429,454,0,004
430,455,0,004
431,456,0,004
432,457,0,004
433,458,0,004
434,459,0,004
435,460,0,005
436,461,0,005
437,462,0,005
438,463,0,005
439,464,0,005
440,465,0,005
441,466,0,005
442,467,0,004
443,468,0,004
444,469,0,005
445,470,0,005
446,471,0,005
447,472,0,005
448,473,0,004
449,474,0,005
450,475,0,005
451,476,0,005
452,477,0,005
453,478,0,005
454,479,0,005
455,480,0,004
456,481,0,004
457,482,0,004
458,483,0,004
459,484,0,004
460,485,0,004
461,486,0,004
462,487,0,004
463,488,0,004
464,489,0,004
465,490,0,004
466,491,0,004
467,492,0,004
468,493,0,004
469,494,0,004
470,495,0,004
471,496,0,004
472,497,0,005
473,498,0,005
474,499,0,005
475,500,0,005
476,501,0,005
477,502,0,005
478,503,0,005
479,504,0,005
480,505,0,006
481,506,0,005
482,507,0,005
483,508,0,005
484,509,0,005
485,510,0,006
486,511,0,006
487,512,0,006
488,513,0,006
489,514,0,006
490,515,0,006
491,516,0,006
492,520,0,005
493,521,0,005
494,522,0,005
495,523,0,005
496,524,0,005
497,525,0,005
498,526,0,005
499,527,0,005
500,528,0,005
501,530,0,005
502,531,0,005
503,532,0,005
504,534,0,005
505,535,0,005
506,537,0,005
507,538,0,005
508,539,0,005
509,540,0,005
510,541,0,005
511,542,0,005
512,543,0,005
513,544,0,005
514,545,0,005
515,546,0,005
516,547,0,005
517,548,0,005
518,549,0,005
519,550,0,005
520,551,0,005
521,553,0,005
522,554,0,005
523,555,0,005
524,556,0,005
525,557,0,005
526,558,0,005
527,559,0,005
528,560,0,006
529,561,0,006
530,562,0,006
531,563,0,006
532,564,0,006
533,565,0,006
534,566,0,006
535,567,0,006
536,569,0,006
537,570,0,006
538,571,0,006
539,572,0,006
540,573,0,006
541,574,0,006
542,575,0,006
543,576,0,007
544,577,0,007
545,580,0,006
546,581,0,006
547,582,0,006
548,583,0,006
549,584,0,006
550,585,0,006
551,586,0,007
552,587,0,007
553,588,0,007
554,590,0,007
555,591,0,007
556,592,0,007
557,593,0,007
558,594,0,008
559,595,0,007
560,596,0,008
561,597,0,008
562,598,0,008
563,599,0,008
564,600,0,005
565,601,0,005
566,602,0,005
567,603,0,005
568,604,0,005
569,605,0,005
570,606,0,005
571,607,0,005
572,608,0,005
573,609,0,005
574,610,0,005
575,611,0,005
576,612,0,005
577,613,0,005
578,614,0,005
579,615,0,005
580,616,0,005
581,617,0,005
582,618,0,005
583,619,0,005
584,620,0,005
585,622,0,005
586,623,0,005
587,624,0,005
588,625,0,005
589,626,0,005
590,627,0,005
591,628,0,005
592,629,0,005
593,630,0,005
594,631,0,005
595,633,0,005
596,634,0,005
597,635,0,005
598,636,0,005
599,637,0,005
600,638,0,005
601,639,0,006
602,640,0,006
603,641,0,006
604,644,0,006
605,645,0,006
606,646,0,006
607,647,0,006
608,648,0,006
609,649,0,006
610,650,0,005
611,651,0,005
612,652,0,005
613,653,0,006
614,654,0,005
615,655,0,005
616,656,0,006
617,657,0,006
618,658,0,006
619,660,0,006
620,661,0,006
621,662,0,006
622,664,0,006
623,665,0,006
624,666,0,006
625,667,0,006
626,668,0,006
627,669,0,006
628,670,0,006
629,671,0,006
630,672,0,006
631,673,0,006
632,674,0,006
633,675,0,006
634,676,0,006
635,677,0,007
636,678,0,006
637,679,0,007
638,680,0,006
639,681,0,006
640,683,0,006
641,684,0,006
642,685,0,006
643,686,0,006
644,687,0,006
645,688,0,006
646,689,0,006
647,690,0,006
648,691,0,006
649,692,0,006
650,693,0,007
651,700,0,006
652,701,0,006
653,703,0,006
654,704,0,006
655,705,0,006
656,706,0,006
657,707,0,006
658,708,0,006
659,710,0,006
660,711,0,006
661,712,0,006
662,713,0,006
663,714,0,006
664,716,0,006
665,717,0,006
666,718,0,006
667,719,0,006
668,720,0,006
669,721,0,006
670,722,0,006
671,723,0,006
672,724,0,005
673,725,0,005
674,726,0,006
675,727,0,006
676,728,0,006
677,729,0,006
678,730,0,006
679,731,0,006
680,733,0,007
681,734,0,006
682,735,0,006
683,736,0,006
684,737,0,006
685,738,0,006
686,739,0,007
687,740,0,006
688,741,0,006
689,743,0,006
690,744,0,006
691,745,0,006
692,746,0,006
693,747,0,006
694,748,0,006
695,749,0,006
696,750,0,006
697,751,0,006
698,752,0,006
699,753,0,006
700,754,0,006
701,755,0,006
702,756,0,006
703,757,0,006
704,758,0,006
705,759,0,006
706,760,0,006
707,761,0,006
708,762,0,006
709,763,0,006
710,764,0,006
711,765,0,007
712,766,0,006
713,767,0,006
714,768,0,007
715,769,0,007
716,770,0,006
717,772,0,006
718,773,0,006
719,774,0,006
720,775,0,006
721,776,0,006
722,777,0,006
723,778,0,006
724,779,0,007
725,780,0,007
726,781,0,007
727,782,0,007
728,783,0,007
729,784,0,007
730,785,0,007
731,786,0,007
732,787,0,007
733,788,0,007
734,789,0,007
735,790,0,007
736,791,0,007
737,792,0,007
738,793,0,007
739,794,0,007
740,795,0,007
741,796,0,007
742,797,0,007
743,798,0,008
744,799,0,008
745,800,0,007
746,801,0,007
747,802,0,007
748,803,0,007
749,804,0,007
750,805,0,007
751,806,0,007
752,807,0,007
753,808,0,007
754,809,0,007
755,810,0,007
756,811,0,007
757,812,0,007
758,813,0,007
759,814,0,007
760,815,0,008
761,816,0,007
762,820,0,007
763,821,0,007
764,822,0,007
765,823,0,007
766,824,0,007
767,825,0,007
768,826,0,007
769,827,0,007
770,828,0,007
771,829,0,007
772,830,0,007
773,831,0,007
774,832,0,008
775,833,0,008
776,834,0,008
777,835,0,008
778,836,0,008
779,837,0,008
780,838,0,008
781,840,0,008
782,841,0,008
783,842,0,008
784,843,0,008
785,844,0,008
786,845,0,008
787,846,0,008
788,847,0,008
789,850,0,008
790,851,0,008
791,852,0,008
792,853,0,008
793,855,0,008
794,856,0,008
795,857,0,008
796,859,0,008
797,860,0,008
798,863,0,008
799,864,0,008
800,865,0,008
801,870,0,007
802,871,0,007
803,873,0,008
804,874,0,008
805,875,0,007
806,877,0,007
807,878,0,007
808,879,0,007
809,880,0,008
810,881,0,007
811,882,0,007
812,883,0,007
813,884,0,007
814,885,0,008
815,889,0,008
816,890,0,008
817,891,0,008
818,893,0,008
819,894,0,008
820,895,0,008
821,897,0,008
822,898,0,008
823,900,0,008
824,901,0,008
825,902,0,008
826,903,0,008
827,904,0,008
828,905,0,008
829,906,0,008
830,907,0,008
831,908,0,008
832,910,0,008
833,911,0,008
834,912,0,008
835,913,0,008
836,914,0,008
837,915,0,008
838,916,0,008
839,917,0,008
840,918,0,008
841,919,0,008
842,920,0,008
843,921,0,008
844,922,0,008
845,923,0,008
846,924,0,008
847,925,0,008
848,926,0,008
849,927,0,008
850,928,0,008
851,930,0,008
852,931,0,008
853,932,0,008
854,933,0,008
855,934,0,008
856,935,0,008
857,936,0,008
858,937,0,008
859,938,0,008
860,939,0,008
861,940,0,008
862,941,0,008
863,942,0,008
864,943,0,008
865,944,0,008
866,945,0,008
867,946,0,008
868,947,0,008
869,948,0,008
870,949,0,008
871,950,0,008
872,951,0,008
873,952,0,008
874,953,0,008
875,954,0,008
876,955,0,008
877,956,0,008
878,957,0,008
879,958,0,008
880,959,0,008
881,960,0,008
882,961,0,008
883,970,0,008
884,971,0,008
885,972,0,008
886,973,0,008
887,974,0,008
888,975,0,008
889,976,0,008
890,977,0,008
891,978,0,008
892,979,0,008
893,980,0,008
894,981,0,008
895,982,0,008
896,983,0,008
897,984,0,008
898,985,0,008
899,986,0,008
900,988,0,008
901,989,0,008
902,990,0,008
903,991,0,008
904,992,0,008
905,993,0,008
906,994,0,008
907,005,1,302
908,006,1,302
909,007,1,302
910,009,1,302
911,010,1,302
912,011,1,302
913,012,1,302
914,013,1,302
915,014,1,303
916,015,1,302
917,016,1,302
918,017,1,303
919,018,1,303
920,019,1,303
921,020,1,303
922,021,1,303
923,022,1,303
924,023,1,303
925,024,1,303
926,025,1,303
927,026,1,303
928,027,1,303
929,028,1,303
930,029,1,303
931,030,1,303
932,031,1,303
933,032,1,303
934,033,1,303
935,034,1,303
936,035,1,303
937,036,1,303
938,037,1,303
939,038,1,303
940,039,1,303
941,040,1,303
942,041,1,303
943,042,1,303
944,043,1,304
945,044,1,304
946,045,1,304
947,046,1,304
948,047,1,304
949,048,1,304
950,049,1,304
951,050,1,303
952,051,1,303
953,052,1,302
954,053,1,302
955,054,1,303
956,055,1,303
957,056,1,303
958,057,1,303
959,058,1,303
960,059,1,303
961,060,1,302
962,061,1,302
963,062,1,302
964,063,1,302
965,064,1,302
966,065,1,302
967,066,1,302
968,067,1,302
969,068,1,302
970,069,1,302
971,070,1,302
972,071,1,302
973,072,1,302
974,073,1,302
975,074,1,302
976,075,1,302
977,076,1,302
978,077,1,302
979,078,1,302
980,079,1,302
981,080,1,302
982,081,1,302
983,082,1,302
984,083,1,302
985,084,1,302
986,085,1,302
987,086,1,302
988,087,1,302
989,088,1,302
990,089,1,302
991,100,1,302
992,101,1,302
993,102,1,302
994,103,1,302
995,104,1,302
996,105,1,302
997,106,1,302
998,107,1,302
999,108,1,302
1000,109,1,302
1001,110,1,302
1002,111,1,302
1003,112,1,302
1004,113,1,302
1005,114,1,302
1006,115,1,302
1007,116,1,302
1008,117,1,302
1009,118,1,302
1010,119,1,302
1011,120,1,302
1012,121,1,302
1013,122,1,302
1014,123,1,302
1015,124,1,302
1016,125,1,302
1017,126,1,302
1018,127,1,302
1019,128,1,303
1020,129,1,303
1021,130,1,303
1022,131,1,303
1023,132,1,303
1024,133,1,303
1025,134,1,303
1026,135,1,303
1027,136,1,303
1028,137,1,302
1029,138,1,302
1030,139,1,302
1031,140,1,303
1032,141,1,303
1033,142,1,303
1034,143,1,303
1035,144,1,303
1036,145,1,303
1037,146,1,303
1038,147,1,303
1039,148,1,302
1040,149,1,302
1041,150,1,304
1042,151,1,304
1043,152,1,304
1044,153,1,304
1045,154,1,303
1046,155,1,303
1047,156,1,303
1048,157,1,303
1049,158,1,303
1050,159,1,303
1051,160,1,303
1052,161,1,303
1053,162,1,303
1054,163,1,303
1055,164,1,304
1056,165,1,304
1057,166,1,303
1058,167,1,303
1059,168,1,303
1060,169,1,303
1061,170,1,302
1062,171,1,302
1063,172,1,302
1064,173,1,302
1065,174,1,302
1066,175,1,302
1067,176,1,302
1068,177,1,302
1069,178,1,302
1070,179,1,302
1071,180,1,302
1072,181,1,302
1073,182,1,302
1074,183,1,302
1075,184,1,302
1076,185,1,302
1077,186,1,302
1078,187,1,302
1079,188,1,302
1080,189,1,302
1081,190,1,302
1082,191,1,302
1083,192,1,302
1084,193,1,302
1085,194,1,302
1086,195,1,302
1087,196,1,302
1088,197,1,302
1089,198,1,302
1090,199,1,302
1091,200,1,303
1092,201,1,303
1093,202,1,303
1094,203,1,303
1095,204,1,303
1096,205,1,303
1097,206,1,303
1098,207,1,303
1099,208,1,303
1100,209,1,303
1101,210,1,302
1102,211,1,302
1103,212,1,302
1104,214,1,303
1105,215,1,303
1106,216,1,303
1107,217,1,303
1108,218,1,303
1109,219,1,302
1110,220,1,303
1111,221,1,303
1112,222,1,303
1113,223,1,303
1114,224,1,303
1115,225,1,303
1116,226,1,303
1117,227,1,303
1118,228,1,303
1119,229,1,303
1120,230,1,304
1121,231,1,303
1122,232,1,303
1123,233,1,303
1124,234,1,303
1125,235,1,303
1126,236,1,303
1127,237,1,303
1128,238,1,303
1129,239,1,304
1130,240,1,304
1131,241,1,304
1132,242,1,304
1133,243,1,304
1134,244,1,303
1135,245,1,304
1136,246,1,304
1137,247,1,304
1138,248,1,304
1139,249,1,304
1140,250,1,304
1141,251,1,304
1142,252,1,304
1143,253,1,304
1144,254,1,303
1145,255,1,304
1146,256,1,304
1147,257,1,304
1148,258,1,304
1149,259,1,304
1150,260,1,304
1151,261,1,304
1152,262,1,304
1153,263,1,304
1154,264,1,304
1155,265,1,303
1156,266,1,304
1157,267,1,303
1158,268,1,303
1159,270,1,304
1160,271,1,304
1161,272,1,304
1162,273,1,304
1163,274,1,304
1164,275,1,304
1165,276,1,304
1166,277,1,304
1167,278,1,304
1168,279,1,304
1169,280,1,304
1170,281,1,304
1171,282,1,304
1172,283,1,304
1173,284,1,304
1174,285,1,304
1175,286,1,304
1176,287,1,304
1177,288,1,304
1178,289,1,305
1179,290,1,304
1180,291,1,304
1181,292,1,304
1182,293,1,304
1183,294,1,305
1184,295,1,304
1185,296,1,304
1186,297,1,304
1187,298,1,305
1188,299,1,305
1189,300,1,305
1190,301,1,305
1191,302,1,305
1192,303,1,305
1193,304,1,305
1194,305,1,305
1195,306,1,305
1196,307,1,305
1197,308,1,305
1198,309,1,305
1199,310,1,305
1200,311,1,305
1201,312,1,305
1202,313,1,305
1203,314,1,305
1204,315,1,305
1205,316,1,305
1206,317,1,305
1207,318,1,305
1208,319,1,305
1209,320,1,305
1210,321,1,305
1211,322,1,305
1212,323,1,305
1213,324,1,305
1214,325,1,306
1215,326,1,305
1216,327,1,305
1217,328,1,305
1218,329,1,305
1219,330,1,306
1220,331,1,306
1221,332,1,306
1222,333,1,306
1223,334,1,306
1224,335,1,305
1225,336,1,305
1226,337,1,305
1227,338,1,305
1228,339,1,306
1229,341,1,306
1230,342,1,305
1231,344,1,305
1232,346,1,305
1233,347,1,305
1234,349,1,306
1235,350,1,305
1236,351,1,305
1237,352,1,305
1238,354,1,305
1239,355,1,305
1240,356,1,305
1241,357,1,305
1242,358,1,305
1243,359,1,305
1244,360,1,305
1245,361,1,305
1246,362,1,305
1247,363,1,305
1248,364,1,305
1249,365,1,306
1250,366,1,306
1251,367,1,305
1252,368,1,305
1253,369,1,305
1254,370,1,305
1255,371,1,305
1256,372,1,305
1257,373,1,305
1258,374,1,305
1259,375,1,305
1260,376,1,304
1261,377,1,304
1262,378,1,304
1263,379,1,304
1264,380,1,305
1265,381,1,306
1266,382,1,305
1267,383,1,305
1268,384,1,305
1269,385,1,305
1270,386,1,306
1271,387,1,306
1272,388,1,305
1273,389,1,305
1274,390,1,306
1275,391,1,306
1276,392,1,306
1277,393,1,305
1278,394,1,306
1279,395,1,306
1280,396,1,306
1281,397,1,305
1282,398,1,305
1283,399,1,305
1284,400,1,305
1285,401,1,305
1286,402,1,305
1287,403,1,304
1288,404,1,304
1289,405,1,304
1290,406,1,304
1291,407,1,304
1292,408,1,304
1293,409,1,304
1294,410,1,305
1295,411,1,304
1296,412,1,304
1297,413,1,304
1298,414,1,304
1299,415,1,304
1300,416,1,304
1301,417,1,304
1302,418,1,304
1303,420,1,305
1304,421,1,305
1305,422,1,305
1306,423,1,305
1307,424,1,305
1308,425,1,304
1309,426,1,304
1310,427,1,305
1311,430,1,304
1312,431,1,304
1313,432,1,304
1314,433,1,304
1315,434,1,304
1316,435,1,304
1317,436,1,304
1318,437,1,304
1319,438,1,304
1320,439,1,304
1321,440,1,304
1322,441,1,304
1323,442,1,304
1324,443,1,304
1325,444,1,304
1326,445,1,304
1327,446,1,304
1328,447,1,304
1329,448,1,304
1330,449,1,304
1331,450,1,305
1332,451,1,304
1333,452,1,304
1334,453,1,304
1335,454,1,304
1336,455,1,304
1337,456,1,304
1338,457,1,304
1339,458,1,304
1340,459,1,304
1341,460,1,305
1342,461,1,305
1343,462,1,305
1344,463,1,305
1345,464,1,305
1346,465,1,305
1347,466,1,305
1348,467,1,304
1349,468,1,304
1350,469,1,305
1351,470,1,305
1352,471,1,305
1353,472,1,305
1354,473,1,304
1355,474,1,305
1356,475,1,305
1357,476,1,305
1358,477,1,305
1359,478,1,305
1360,479,1,305
1361,480,1,304
1362,481,1,304
1363,482,1,304
1364,483,1,304
1365,484,1,304
1366,485,1,304
1367,486,1,304
1368,487,1,304
1369,488,1,304
1370,489,1,304
1371,490,1,304
1372,491,1,304
1373,492,1,304
1374,493,1,304
1375,494,1,304
1376,495,1,304
1377,496,1,304
1378,497,1,305
1379,498,1,305
1380,499,1,305
1381,500,1,305
1382,501,1,305
1383,502,1,305
1384,503,1,305
1385,504,1,305
1386,505,1,306
1387,506,1,305
1388,507,1,305
1389,508,1,305
1390,509,1,305
1391,510,1,306
1392,511,1,306
1393,512,1,306
1394,513,1,306
1395,514,1,306
1396,515,1,306
1397,516,1,306
1398,520,1,305
1399,521,1,305
1400,522,1,305
1401,523,1,305
1402,524,1,305
1403,525,1,305
1404,526,1,305
1405,527,1,305
1406,528,1,305
1407,530,1,305
1408,531,1,305
1409,532,1,305
1410,534,1,305
1411,535,1,305
1412,537,1,305
1413,538,1,305
1414,539,1,305
1415,540,1,305
1416,541,1,305
1417,542,1,305
1418,543,1,305
1419,544,1,305
1420,545,1,305
1421,546,1,305
1422,547,1,305
1423,548,1,305
1424,549,1,305
1425,550,1,305
1426,551,1,305
1427,553,1,305
1428,554,1,305
1429,555,1,305
1430,556,1,305
1431,557,1,305
1432,558,1,305
1433,559,1,305
1434,560,1,306
1435,561,1,306
1436,562,1,306
1437,563,1,306
1438,564,1,306
1439,565,1,306
1440,566,1,306
1441,567,1,306
1442,569,1,306
1443,570,1,306
1444,571,1,306
1445,572,1,306
1446,573,1,306
1447,574,1,306
1448,575,1,306
1449,576,1,307
1450,577,1,307
1451,580,1,306
1452,581,1,306
1453,582,1,306
1454,583,1,306
1455,584,1,306
1456,585,1,306
1457,586,1,307
1458,587,1,307
1459,588,1,307
1460,590,1,307
1461,591,1,307
1462,592,1,307
1463,593,1,307
1464,594,1,308
1465,595,1,307
1466,596,1,308
1467,597,1,308
1468,598,1,308
1469,599,1,308
1470,600,1,305
1471,601,1,305
1472,602,1,305
1473,603,1,305
1474,604,1,305
1475,605,1,305
1476,606,1,305
1477,607,1,305
1478,608,1,305
1479,609,1,305
1480,610,1,305
1481,611,1,305
1482,612,1,305
1483,613,1,305
1484,614,1,305
1485,615,1,305
1486,616,1,305
1487,617,1,305
1488,618,1,305
1489,619,1,305
1490,620,1,305
1491,622,1,305
1492,623,1,305
1493,624,1,305
1494,625,1,305
1495,626,1,305
1496,627,1,305
1497,628,1,305
1498,629,1,305
1499,630,1,305
1500,631,1,305
1501,633,1,305
1502,634,1,305
1503,635,1,305
1504,636,1,305
1505,637,1,305
1506,638,1,305
1507,639,1,306
1508,640,1,306
1509,641,1,306
1510,644,1,306
1511,645,1,306
1512,646,1,306
1513,647,1,306
1514,648,1,306
1515,649,1,306
1516,650,1,305
1517,651,1,305
1518,652,1,305
1519,653,1,306
1520,654,1,305
1521,655,1,305
1522,656,1,306
1523,657,1,306
1524,658,1,306
1525,660,1,306
1526,661,1,306
1527,662,1,306
1528,664,1,306
1529,665,1,306
1530,666,1,306
1531,667,1,306
1532,668,1,306
1533,669,1,306
1534,670,1,306
1535,671,1,306
1536,672,1,306
1537,673,1,306
1538,674,1,306
1539,675,1,306
1540,676,1,306
1541,677,1,307
1542,678,1,306
1543,679,1,307
1544,680,1,306
1545,681,1,306
1546,683,1,306
1547,684,1,306
1548,685,1,306
1549,686,1,306
1550,687,1,306
1551,688,1,306
1552,689,1,306
1553,690,1,306
1554,691,1,306
1555,692,1,306
1556,693,1,307
1557,700,1,306
1558,701,1,306
1559,703,1,306
1560,704,1,306
1561,705,1,306
1562,706,1,306
1563,707,1,306
1564,708,1,306
1565,710,1,306
1566,711,1,306
1567,712,1,306
1568,713,1,306
1569,714,1,306
1570,716,1,306
1571,717,1,306
1572,718,1,306
1573,719,1,306
1574,720,1,306
1575,721,1,306
1576,722,1,306
1577,723,1,306
1578,724,1,305
1579,725,1,305
1580,726,1,306
1581,727,1,306
1582,728,1,306
1583,729,1,306
1584,730,1,306
1585,731,1,306
1586,733,1,307
1587,734,1,306
1588,735,1,306
1589,736,1,306
1590,737,1,306
1591,738,1,306
1592,739,1,307
1593,740,1,306
1594,741,1,306
1595,743,1,306
1596,744,1,306
1597,745,1,306
1598,746,1,306
1599,747,1,306
1600,748,1,306
1601,749,1,306
1602,750,1,306
1603,751,1,306
1604,752,1,306
1605,753,1,306
1606,754,1,306
1607,755,1,306
1608,756,1,306
1609,757,1,306
1610,758,1,306
1611,759,1,306
1612,760,1,306
1613,761,1,306
1614,762,1,306
1615,763,1,306
1616,764,1,306
1617,765,1,307
1618,766,1,306
1619,767,1,306
1620,768,1,307
1621,769,1,307
1622,770,1,306
1623,772,1,306
1624,773,1,306
1625,774,1,306
1626,775,1,306
1627,776,1,306
1628,777,1,306
1629,778,1,306
1630,779,1,307
1631,780,1,307
1632,781,1,307
1633,782,1,307
1634,783,1,307
1635,784,1,307
1636,785,1,307
1637,786,1,307
1638,787,1,307
1639,788,1,307
1640,789,1,307
1641,790,1,307
1642,791,1,307
1643,792,1,307
1644,793,1,307
1645,794,1,307
1646,795,1,307
1647,796,1,307
1648,797,1,307
1649,798,1,308
1650,799,1,308
1651,800,1,307
1652,801,1,307
1653,802,1,307
1654,803,1,307
1655,804,1,307
1656,805,1,307
1657,806,1,307
1658,807,1,307
1659,808,1,307
1660,809,1,307
1661,810,1,307
1662,811,1,307
1663,812,1,307
1664,813,1,307
1665,814,1,307
1666,815,1,308
1667,816,1,307
1668,820,1,307
1669,821,1,307
1670,822,1,307
1671,823,1,307
1672,824,1,307
1673,825,1,307
1674,826,1,307
1675,827,1,307
1676,828,1,307
1677,829,1,307
1678,830,1,307
1679,831,1,307
1680,832,1,308
1681,833,1,308
1682,834,1,308
1683,835,1,308
1684,836,1,308
1685,837,1,308
1686,838,1,308
1687,840,1,308
1688,841,1,308
1689,842,1,308
1690,843,1,308
1691,844,1,308
1692,845,1,308
1693,846,1,308
1694,847,1,308
1695,850,1,308
1696,851,1,308
1697,852,1,308
1698,853,1,308
1699,855,1,308
1700,856,1,308
1701,857,1,308
1702,859,1,308
1703,860,1,308
1704,863,1,308
1705,864,1,308
1706,865,1,308
1707,870,1,307
1708,871,1,307
1709,873,1,308
1710,874,1,308
1711,875,1,307
1712,877,1,307
1713,878,1,307
1714,879,1,307
1715,880,1,308
1716,881,1,307
1717,882,1,307
1718,883,1,307
1719,884,1,307
1720,885,1,308
1721,889,1,308
1722,890,1,308
1723,891,1,308
1724,893,1,308
1725,894,1,308
1726,895,1,308
1727,897,1,308
1728,898,1,308
1729,900,1,308
1730,901,1,308
1731,902,1,308
1732,903,1,308
1733,904,1,308
1734,905,1,308
1735,906,1,308
1736,907,1,308
1737,908,1,308
1738,910,1,308
1739,911,1,308
1740,912,1,308
1741,913,1,308
1742,914,1,308
1743,915,1,308
1744,916,1,308
1745,917,1,308
1746,918,1,308
1747,919,1,308
1748,920,1,308
1749,921,1,308
1750,922,1,308
1751,923,1,308
1752,924,1,308
1753,925,1,308
1754,926,1,308
1755,927,1,308
1756,928,1,308
1757,930,1,308
1758,931,1,308
1759,932,1,308
1760,933,1,308
1761,934,1,308
1762,935,1,308
1763,936,1,308
1764,937,1,308
1765,938,1,308
1766,939,1,308
1767,940,1,308
1768,941,1,308
1769,942,1,308
1770,943,1,308
1771,944,1,308
1772,945,1,308
1773,946,1,308
1774,947,1,308
1775,948,1,308
1776,949,1,308
1777,950,1,308
1778,951,1,308
1779,952,1,308
1780,953,1,308
1781,954,1,308
1782,955,1,308
1783,956,1,308
1784,957,1,308
1785,958,1,308
1786,959,1,308
1787,960,1,308
1788,961,1,308
1789,970,1,308
1790,971,1,308
1791,972,1,308
1792,973,1,308
1793,974,1,308
1794,975,1,308
1795,976,1,308
1796,977,1,308
1797,978,1,308
1798,979,1,308
1799,980,1,308
1800,981,1,308
1801,982,1,308
1802,983,1,308
1803,984,1,308
1804,985,1,308
1805,986,1,308
1806,988,1,308
1807,989,1,308
1808,990,1,308
1809,991,1,308
1810,992,1,308
1811,993,1,308
1812,994,1,308
1813,005,2,202
1814,006,2,225
1815,007,2,225
1816,009,2,225
1817,010,2,202
1818,011,2,202
1819,012,2,202
1820,013,2,202
1821,014,2,203
1822,015,2,202
1823,016,2,202
1824,017,2,203
1825,018,2,203
1826,019,2,203
1827,020,2,203
1828,021,2,203
1829,022,2,203
1830,023,2,203
1831,024,2,203
1832,025,2,203
1833,026,2,203
1834,027,2,203
1835,028,2,203
1836,029,2,203
1837,030,2,203
1838,031,2,203
1839,032,2,203
1840,033,2,203
1841,034,2,203
1842,035,2,203
1843,036,2,203
1844,037,2,203
1845,038,2,203
1846,039,2,203
1847,040,2,203
1848,041,2,203
1849,042,2,203
1850,043,2,204
1851,044,2,204
1852,045,2,204
1853,046,2,204
1854,047,2,204
1855,048,2,204
1856,049,2,204
1857,050,2,203
1858,051,2,203
1859,052,2,202
1860,053,2,202
1861,054,2,203
1862,055,2,203
1863,056,2,203
1864,057,2,203
1865,058,2,203
1866,059,2,203
1867,060,2,202
1868,061,2,202
1869,062,2,202
1870,063,2,202
1871,064,2,202
1872,065,2,202
1873,066,2,202
1874,067,2,202
1875,068,2,202
1876,069,2,202
1877,070,2,202
1878,071,2,202
1879,072,2,202
1880,073,2,202
1881,074,2,202
1882,075,2,202
1883,076,2,202
1884,077,2,202
1885,078,2,202
1886,079,2,202
1887,080,2,202
1888,081,2,202
1889,082,2,202
1890,083,2,202
1891,084,2,202
1892,085,2,202
1893,086,2,202
1894,087,2,202
1895,088,2,202
1896,089,2,202
1897,100,2,202
1898,101,2,202
1899,102,2,202
1900,103,2,202
1901,104,2,202
1902,105,2,202
1903,106,2,202
1904,107,2,202
1905,108,2,202
1906,109,2,202
1907,110,2,202
1908,111,2,202
1909,112,2,202
1910,113,2,202
1911,114,2,202
1912,115,2,202
1913,116,2,202
1914,117,2,202
1915,118,2,202
1916,119,2,202
1917,120,2,202
1918,121,2,202
1919,122,2,202
1920,123,2,202
1921,124,2,202
1922,125,2,202
1923,126,2,202
1924,127,2,202
1925,128,2,203
1926,129,2,203
1927,130,2,203
1928,131,2,203
1929,132,2,203
1930,133,2,203
1931,134,2,203
1932,135,2,203
1933,136,2,203
1934,137,2,202
1935,138,2,202
1936,139,2,202
1937,140,2,203
1938,141,2,203
1939,142,2,203
1940,143,2,203
1941,144,2,203
1942,145,2,203
1943,146,2,203
1944,147,2,203
1945,148,2,202
1946,149,2,202
1947,150,2,204
1948,151,2,204
1949,152,2,204
1950,153,2,204
1951,154,2,203
1952,155,2,203
1953,156,2,203
1954,157,2,203
1955,158,2,203
1956,159,2,203
1957,160,2,203
1958,161,2,203
1959,162,2,203
1960,163,2,203
1961,164,2,204
1962,165,2,204
1963,166,2,203
1964,167,2,203
1965,168,2,203
1966,169,2,203
1967,170,2,202
1968,171,2,202
1969,172,2,202
1970,173,2,202
1971,174,2,202
1972,175,2,202
1973,176,2,202
1974,177,2,202
1975,178,2,202
1976,179,2,202
1977,180,2,202
1978,181,2,202
1979,182,2,202
1980,183,2,202
1981,184,2,202
1982,185,2,202
1983,186,2,202
1984,187,2,202
1985,188,2,202
1986,189,2,202
1987,190,2,202
1988,191,2,202
1989,192,2,202
1990,193,2,202
1991,194,2,202
1992,195,2,202
1993,196,2,202
1994,197,2,202
1995,198,2,202
1996,199,2,202
1997,200,2,203
1998,201,2,203
1999,202,2,203
2000,203,2,203
2001,204,2,203
2002,205,2,203
2003,206,2,203
2004,207,2,203
2005,208,2,203
2006,209,2,203
2007,210,2,202
2008,211,2,202
2009,212,2,202
2010,214,2,203
2011,215,2,203
2012,216,2,203
2013,217,2,203
2014,218,2,203
2015,219,2,202
2016,220,2,203
2017,221,2,203
2018,222,2,203
2019,223,2,203
2020,224,2,203
2021,225,2,203
2022,226,2,203
2023,227,2,203
2024,228,2,203
2025,229,2,203
2026,230,2,204
2027,231,2,203
2028,232,2,203
2029,233,2,203
2030,234,2,203
2031,235,2,203
2032,236,2,203
2033,237,2,203
2034,238,2,203
2035,239,2,204
2036,240,2,204
2037,241,2,204
2038,242,2,204
2039,243,2,204
2040,244,2,203
2041,245,2,204
2042,246,2,204
2043,247,2,204
2044,248,2,204
2045,249,2,204
2046,250,2,204
2047,251,2,204
2048,252,2,204
2049,253,2,204
2050,254,2,203
2051,255,2,204
2052,256,2,204
2053,257,2,204
2054,258,2,204
2055,259,2,204
2056,260,2,204
2057,261,2,204
2058,262,2,204
2059,263,2,204
2060,264,2,204
2061,265,2,203
2062,266,2,204
2063,267,2,203
2064,268,2,203
2065,270,2,204
2066,271,2,204
2067,272,2,204
2068,273,2,204
2069,274,2,204
2070,275,2,204
2071,276,2,204
2072,277,2,204
2073,278,2,204
2074,279,2,204
2075,280,2,204
2076,281,2,204
2077,282,2,204
2078,283,2,204
2079,284,2,204
2080,285,2,204
2081,286,2,204
2082,287,2,204
2083,288,2,204
2084,289,2,205
2085,290,2,204
2086,291,2,204
2087,292,2,204
2088,293,2,204
2089,294,2,205
2090,295,2,204
2091,296,2,204
2092,297,2,204
2093,298,2,205
2094,299,2,205
2095,300,2,205
2096,301,2,205
2097,302,2,205
2098,303,2,205
2099,304,2,205
2100,305,2,205
2101,306,2,205
2102,307,2,205
2103,308,2,205
2104,309,2,205
2105,310,2,205
2106,311,2,205
2107,312,2,205
2108,313,2,205
2109,314,2,205
2110,315,2,205
2111,316,2,205
2112,317,2,205
2113,318,2,205
2114,319,2,205
2115,320,2,205
2116,321,2,205
2117,322,2,205
2118,323,2,205
2119,324,2,205
2120,325,2,206
2121,326,2,205
2122,327,2,205
2123,328,2,205
2124,329,2,205
2125,330,2,206
2126,331,2,206
2127,332,2,206
2128,333,2,206
2129,334,2,206
2130,335,2,205
2131,336,2,205
2132,337,2,205
2133,338,2,205
2134,339,2,206
2135,341,2,206
2136,342,2,205
2137,344,2,205
2138,346,2,205
2139,347,2,205
2140,349,2,206
2141,350,2,205
2142,351,2,205
2143,352,2,205
2144,354,2,205
2145,355,2,205
2146,356,2,205
2147,357,2,205
2148,358,2,205
2149,359,2,205
2150,360,2,205
2151,361,2,205
2152,362,2,205
2153,363,2,205
2154,364,2,205
2155,365,2,206
2156,366,2,206
2157,367,2,205
2158,368,2,205
2159,369,2,205
2160,370,2,205
2161,371,2,205
2162,372,2,205
2163,373,2,205
2164,374,2,205
2165,375,2,205
2166,376,2,204
2167,377,2,204
2168,378,2,204
2169,379,2,204
2170,380,2,205
2171,381,2,206
2172,382,2,205
2173,383,2,205
2174,384,2,205
2175,385,2,205
2176,386,2,206
2177,387,2,206
2178,388,2,205
2179,389,2,205
2180,390,2,206
2181,391,2,206
2182,392,2,206
2183,393,2,205
2184,394,2,206
2185,395,2,206
2186,396,2,206
2187,397,2,205
2188,398,2,205
2189,399,2,205
2190,400,2,205
2191,401,2,205
2192,402,2,205
2193,403,2,204
2194,404,2,204
2195,405,2,204
2196,406,2,204
2197,407,2,204
2198,408,2,204
2199,409,2,204
2200,410,2,205
2201,411,2,204
2202,412,2,204
2203,413,2,204
2204,414,2,204
2205,415,2,204
2206,416,2,204
2207,417,2,204
2208,418,2,204
2209,420,2,205
2210,421,2,205
2211,422,2,205
2212,423,2,205
2213,424,2,205
2214,425,2,204
2215,426,2,204
2216,427,2,205
2217,430,2,204
2218,431,2,204
2219,432,2,204
2220,433,2,204
2221,434,2,204
2222,435,2,204
2223,436,2,204
2224,437,2,204
2225,438,2,204
2226,439,2,204
2227,440,2,204
2228,441,2,204
2229,442,2,204
2230,443,2,204
2231,444,2,204
2232,445,2,204
2233,446,2,204
2234,447,2,204
2235,448,2,204
2236,449,2,204
2237,450,2,205
2238,451,2,204
2239,452,2,204
2240,453,2,204
2241,454,2,204
2242,455,2,204
2243,456,2,204
2244,457,2,204
2245,458,2,204
2246,459,2,204
2247,460,2,205
2248,461,2,205
2249,462,2,205
2250,463,2,205
2251,464,2,205
2252,465,2,205
2253,466,2,205
2254,467,2,204
2255,468,2,204
2256,469,2,205
2257,470,2,205
2258,471,2,205
2259,472,2,205
2260,473,2,204
2261,474,2,205
2262,475,2,205
2263,476,2,205
2264,477,2,205
2265,478,2,205
2266,479,2,205
2267,480,2,204
2268,481,2,204
2269,482,2,204
2270,483,2,204
2271,484,2,204
2272,485,2,204
2273,486,2,204
2274,487,2,204
2275,488,2,204
2276,489,2,204
2277,490,2,204
2278,491,2,204
2279,492,2,204
2280,493,2,204
2281,494,2,204
2282,495,2,204
2283,496,2,204
2284,497,2,205
2285,498,2,205
2286,499,2,205
2287,500,2,205
2288,501,2,205
2289,502,2,205
2290,503,2,205
2291,504,2,205
2292,505,2,206
2293,506,2,205
2294,507,2,205
2295,508,2,205
2296,509,2,205
2297,510,2,206
2298,511,2,206
2299,512,2,206
2300,513,2,206
2301,514,2,206
2302,515,2,206
2303,516,2,206
2304,520,2,205
2305,521,2,205
2306,522,2,205
2307,523,2,205
2308,524,2,205
2309,525,2,205
2310,526,2,205
2311,527,2,205
2312,528,2,205
2313,530,2,205
2314,531,2,205
2315,532,2,205
2316,534,2,205
2317,535,2,205
2318,537,2,205
2319,538,2,205
2320,539,2,205
2321,540,2,205
2322,541,2,205
2323,542,2,205
2324,543,2,205
2325,544,2,205
2326,545,2,205
2327,546,2,205
2328,547,2,205
2329,548,2,205
2330,549,2,205
2331,550,2,205
2332,551,2,205
2333,553,2,205
2334,554,2,205
2335,555,2,205
2336,556,2,205
2337,557,2,205
2338,558,2,205
2339,559,2,205
2340,560,2,206
2341,561,2,206
2342,562,2,206
2343,563,2,206
2344,564,2,206
2345,565,2,206
2346,566,2,206
2347,567,2,206
2348,569,2,206
2349,570,2,206
2350,571,2,206
2351,572,2,206
2352,573,2,206
2353,574,2,206
2354,575,2,206
2355,576,2,207
2356,577,2,207
2357,580,2,206
2358,581,2,206
2359,582,2,206
2360,583,2,206
2361,584,2,206
2362,585,2,206
2363,586,2,207
2364,587,2,207
2365,588,2,207
2366,590,2,207
2367,591,2,207
2368,592,2,207
2369,593,2,207
2370,594,2,208
2371,595,2,207
2372,596,2,208
2373,597,2,208
2374,598,2,208
2375,599,2,208
2376,600,2,205
2377,601,2,205
2378,602,2,205
2379,603,2,205
2380,604,2,205
2381,605,2,205
2382,606,2,205
2383,607,2,205
2384,608,2,205
2385,609,2,205
2386,610,2,205
2387,611,2,205
2388,612,2,205
2389,613,2,205
2390,614,2,205
2391,615,2,205
2392,616,2,205
2393,617,2,205
2394,618,2,205
2395,619,2,205
2396,620,2,205
2397,622,2,205
2398,623,2,205
2399,624,2,205
2400,625,2,205
2401,626,2,205
2402,627,2,205
2403,628,2,205
2404,629,2,205
2405,630,2,205
2406,631,2,205
2407,633,2,205
2408,634,2,205
2409,635,2,205
2410,636,2,205
2411,637,2,205
2412,638,2,205
2413,639,2,206
2414,640,2,206
2415,641,2,206
2416,644,2,206
2417,645,2,206
2418,646,2,206
2419,647,2,206
2420,648,2,206
2421,649,2,206
2422,650,2,205
2423,651,2,205
2424,652,2,205
2425,653,2,206
2426,654,2,205
2427,655,2,205
2428,656,2,206
2429,657,2,206
2430,658,2,206
2431,660,2,206
2432,661,2,206
2433,662,2,206
2434,664,2,206
2435,665,2,206
2436,666,2,206
2437,667,2,206
2438,668,2,206
2439,669,2,206
2440,670,2,206
2441,671,2,206
2442,672,2,206
2443,673,2,206
2444,674,2,206
2445,675,2,206
2446,676,2,206
2447,677,2,207
2448,678,2,206
2449,679,2,207
2450,680,2,206
2451,681,2,206
2452,683,2,206
2453,684,2,206
2454,685,2,206
2455,686,2,206
2456,687,2,206
2457,688,2,206
2458,689,2,206
2459,690,2,206
2460,691,2,206
2461,692,2,206
2462,693,2,207
2463,700,2,206
2464,701,2,206
2465,703,2,206
2466,704,2,206
2467,705,2,206
2468,706,2,206
2469,707,2,206
2470,708,2,206
2471,710,2,206
2472,711,2,206
2473,712,2,206
2474,713,2,206
2475,714,2,206
2476,716,2,206
2477,717,2,206
2478,718,2,206
2479,719,2,206
2480,720,2,206
2481,721,2,206
2482,722,2,206
2483,723,2,206
2484,724,2,205
2485,725,2,205
2486,726,2,206
2487,727,2,206
2488,728,2,206
2489,729,2,206
2490,730,2,206
2491,731,2,206
2492,733,2,207
2493,734,2,206
2494,735,2,206
2495,736,2,206
2496,737,2,206
2497,738,2,206
2498,739,2,207
2499,740,2,206
2500,741,2,206
2501,743,2,206
2502,744,2,206
2503,745,2,206
2504,746,2,206
2505,747,2,206
2506,748,2,206
2507,749,2,206
2508,750,2,206
2509,751,2,206
2510,752,2,206
2511,753,2,206
2512,754,2,206
2513,755,2,206
2514,756,2,206
2515,757,2,206
2516,758,2,206
2517,759,2,206
2518,760,2,206
2519,761,2,206
2520,762,2,206
2521,763,2,206
2522,764,2,206
2523,765,2,207
2524,766,2,206
2525,767,2,206
2526,768,2,207
2527,769,2,207
2528,770,2,206
2529,772,2,206
2530,773,2,206
2531,774,2,206
2532,775,2,206
2533,776,2,206
2534,777,2,206
2535,778,2,206
2536,779,2,207
2537,780,2,207
2538,781,2,207
2539,782,2,207
2540,783,2,207
2541,784,2,207
2542,785,2,207
2543,786,2,207
2544,787,2,207
2545,788,2,207
2546,789,2,207
2547,790,2,207
2548,791,2,207
2549,792,2,207
2550,793,2,207
2551,794,2,207
2552,795,2,207
2553,796,2,207
2554,797,2,207
2555,798,2,208
2556,799,2,208
2557,800,2,207
2558,801,2,207
2559,802,2,207
2560,803,2,207
2561,804,2,207
2562,805,2,207
2563,806,2,207
2564,807,2,207
2565,808,2,207
2566,809,2,207
2567,810,2,207
2568,811,2,207
2569,812,2,207
2570,813,2,207
2571,814,2,207
2572,815,2,208
2573,816,2,207
2574,820,2,207
2575,821,2,207
2576,822,2,207
2577,823,2,207
2578,824,2,207
2579,825,2,207
2580,826,2,207
2581,827,2,207
2582,828,2,207
2583,829,2,207
2584,830,2,207
2585,831,2,207
2586,832,2,208
2587,833,2,208
2588,834,2,208
2589,835,2,208
2590,836,2,208
2591,837,2,208
2592,838,2,208
2593,840,2,208
2594,841,2,208
2595,842,2,208
2596,843,2,208
2597,844,2,208
2598,845,2,208
2599,846,2,208
2600,847,2,208
2601,850,2,208
2602,851,2,208
2603,852,2,208
2604,853,2,208
2605,855,2,208
2606,856,2,208
2607,857,2,208
2608,859,2,208
2609,860,2,208
2610,863,2,208
2611,864,2,208
2612,865,2,208
2613,870,2,207
2614,871,2,207
2615,873,2,208
2616,874,2,208
2617,875,2,207
2618,877,2,207
2619,878,2,207
2620,879,2,207
2621,880,2,208
2622,881,2,207
2623,882,2,207
2624,883,2,207
2625,884,2,207
2626,885,2,208
2627,889,2,208
2628,890,2,208
2629,891,2,208
2630,893,2,208
2631,894,2,208
2632,895,2,208
2633,897,2,208
2634,898,2,208
2635,900,2,208
2636,901,2,208
2637,902,2,208
2638,903,2,208
2639,904,2,208
2640,905,2,208
2641,906,2,208
2642,907,2,208
2643,908,2,208
2644,910,2,208
2645,911,2,208
2646,912,2,208
2647,913,2,208
2648,914,2,208
2649,915,2,208
2650,916,2,208
2651,917,2,208
2652,918,2,208
2653,919,2,208
2654,920,2,208
2655,921,2,208
2656,922,2,208
2657,923,2,208
2658,924,2,208
2659,925,2,208
2660,926,2,208
2661,927,2,208
2662,928,2,208
2663,930,2,208
2664,931,2,208
2665,932,2,208
2666,933,2,208
2667,934,2,208
2668,935,2,208
2669,936,2,208
2670,937,2,208
2671,938,2,208
2672,939,2,208
2673,940,2,208
2674,941,2,208
2675,942,2,208
2676,943,2,208
2677,944,2,208
2678,945,2,208
2679,946,2,208
2680,947,2,208
2681,948,2,208
2682,949,2,208
2683,950,2,208
2684,951,2,208
2685,952,2,208
2686,953,2,208
2687,954,2,208
2688,955,2,208
2689,956,2,208
2690,957,2,208
2691,958,2,208
2692,959,2,208
2693,960,2,208
2694,961,2,208
2695,970,2,208
2696,971,2,208
2697,972,2,208
2698,973,2,208
2699,974,2,208
2700,975,2,208
2701,976,2,208
2702,977,2,208
2703,978,2,208
2704,979,2,208
2705,980,2,208
2706,981,2,208
2707,982,2,208
2708,983,2,208
2709,984,2,208
2710,985,2,208
2711,986,2,208
2712,988,2,208
2713,989,2,208
2714,990,2,208
2715,991,2,208
2716,992,2,208
2717,993,2,208
2718,994,2,208
2719,005,3,242
2720,006,3,242
2721,007,3,242
2722,009,3,242
2723,010,3,242
2724,011,3,242
2725,012,3,242
2726,013,3,242
2727,014,3,243
2728,015,3,242
2729,016,3,242
2730,017,3,243
2731,018,3,243
2732,019,3,243
2733,020,3,243
2734,021,3,243
2735,022,3,243
2736,023,3,243
2737,024,3,243
2738,025,3,243
2739,026,3,243
2740,027,3,243
2741,028,3,243
2742,029,3,243
2743,030,3,243
2744,031,3,243
2745,032,3,243
2746,033,3,243
2747,034,3,243
2748,035,3,243
2749,036,3,243
2750,037,3,243
2751,038,3,243
2752,039,3,243
2753,040,3,243
2754,041,3,243
2755,042,3,243
2756,043,3,244
2757,044,3,244
2758,045,3,244
2759,046,3,244
2760,047,3,244
2761,048,3,244
2762,049,3,244
2763,050,3,243
2764,051,3,243
2765,052,3,242
2766,053,3,242
2767,054,3,243
2768,055,3,243
2769,056,3,243
2770,057,3,243
2771,058,3,243
2772,059,3,243
2773,060,3,242
2774,061,3,242
2775,062,3,242
2776,063,3,242
2777,064,3,242
2778,065,3,242
2779,066,3,242
2780,067,3,242
2781,068,3,242
2782,069,3,242
2783,070,3,242
2784,071,3,242
2785,072,3,242
2786,073,3,242
2787,074,3,242
2788,075,3,242
2789,076,3,242
2790,077,3,242
2791,078,3,242
2792,079,3,242
2793,080,3,242
2794,081,3,242
2795,082,3,242
2796,083,3,242
2797,084,3,242
2798,085,3,242
2799,086,3,242
2800,087,3,242
2801,088,3,242
2802,089,3,242
2803,100,3,242
2804,101,3,242
2805,102,3,242
2806,103,3,242
2807,104,3,242
2808,105,3,242
2809,106,3,242
2810,107,3,242
2811,108,3,242
2812,109,3,242
2813,110,3,242
2814,111,3,242
2815,112,3,242
2816,113,3,242
2817,114,3,242
2818,115,3,242
2819,116,3,242
2820,117,3,242
2821,118,3,242
2822,119,3,242
2823,120,3,242
2824,121,3,242
2825,122,3,242
2826,123,3,242
2827,124,3,242
2828,125,3,242
2829,126,3,242
2830,127,3,242
2831,128,3,243
2832,129,3,243
2833,130,3,243
2834,131,3,243
2835,132,3,243
2836,133,3,243
2837,134,3,243
2838,135,3,243
2839,136,3,243
2840,137,3,242
2841,138,3,242
2842,139,3,242
2843,140,3,243
2844,141,3,243
2845,142,3,243
2846,143,3,243
2847,144,3,243
2848,145,3,243
2849,146,3,243
2850,147,3,243
2851,148,3,242
2852,149,3,242
2853,150,3,244
2854,151,3,244
2855,152,3,244
2856,153,3,244
2857,154,3,243
2858,155,3,243
2859,156,3,243
2860,157,3,243
2861,158,3,243
2862,159,3,243
2863,160,3,243
2864,161,3,243
2865,162,3,243
2866,163,3,243
2867,164,3,244
2868,165,3,244
2869,166,3,243
2870,167,3,243
2871,168,3,243
2872,169,3,243
2873,170,3,242
2874,171,3,242
2875,172,3,242
2876,173,3,242
2877,174,3,242
2878,175,3,242
2879,176,3,242
2880,177,3,242
2881,178,3,242
2882,179,3,242
2883,180,3,242
2884,181,3,242
2885,182,3,242
2886,183,3,242
2887,184,3,242
2888,185,3,242
2889,186,3,242
2890,187,3,242
2891,188,3,242
2892,189,3,242
2893,190,3,242
2894,191,3,242
2895,192,3,242
2896,193,3,242
2897,194,3,242
2898,195,3,242
2899,196,3,242
2900,197,3,242
2901,198,3,242
2902,199,3,242
2903,200,3,243
2904,201,3,243
2905,202,3,243
2906,203,3,243
2907,204,3,243
2908,205,3,243
2909,206,3,243
2910,207,3,243
2911,208,3,243
2912,209,3,243
2913,210,3,242
2914,211,3,242
2915,212,3,242
2916,214,3,243
2917,215,3,243
2918,216,3,243
2919,217,3,243
2920,218,3,243
2921,219,3,242
2922,220,3,243
2923,221,3,243
2924,222,3,243
2925,223,3,243
2926,224,3,243
2927,225,3,243
2928,226,3,243
2929,227,3,243
2930,228,3,243
2931,229,3,243
2932,230,3,244
2933,231,3,243
2934,232,3,243
2935,233,3,243
2936,234,3,243
2937,235,3,243
2938,236,3,243
2939,237,3,243
2940,238,3,243
2941,239,3,244
2942,240,3,244
2943,241,3,244
2944,242,3,244
2945,243,3,244
2946,244,3,243
2947,245,3,244
2948,246,3,244
2949,247,3,244
2950,248,3,244
2951,249,3,244
2952,250,3,244
2953,251,3,244
2954,252,3,244
2955,253,3,244
2956,254,3,243
2957,255,3,244
2958,256,3,244
2959,257,3,244
2960,258,3,244
2961,259,3,244
2962,260,3,244
2963,261,3,244
2964,262,3,244
2965,263,3,244
2966,264,3,244
2967,265,3,243
2968,266,3,244
2969,267,3,243
2970,268,3,243
2971,270,3,244
2972,271,3,244
2973,272,3,244
2974,273,3,244
2975,274,3,244
2976,275,3,244
2977,276,3,244
2978,277,3,244
2979,278,3,244
2980,279,3,244
2981,280,3,244
2982,281,3,244
2983,282,3,244
2984,283,3,244
2985,284,3,244
2986,285,3,244
2987,286,3,244
2988,287,3,244
2989,288,3,244
2990,289,3,245
2991,290,3,244
2992,291,3,244
2993,292,3,244
2994,293,3,244
2995,294,3,245
2996,295,3,244
2997,296,3,244
2998,297,3,244
2999,298,3,245
3000,299,3,245
3001,300,3,245
3002,301,3,245
3003,302,3,245
3004,303,3,245
3005,304,3,245
3006,305,3,245
3007,306,3,245
3008,307,3,245
3009,308,3,245
3010,309,3,245
3011,310,3,245
3012,311,3,245
3013,312,3,245
3014,313,3,245
3015,314,3,245
3016,315,3,245
3017,316,3,245
3018,317,3,245
3019,318,3,245
3020,319,3,245
3021,320,3,245
3022,321,3,245
3023,322,3,245
3024,323,3,245
3025,324,3,245
3026,325,3,246
3027,326,3,245
3028,327,3,245
3029,328,3,245
3030,329,3,245
3031,330,3,246
3032,331,3,246
3033,332,3,246
3034,333,3,246
3035,334,3,246
3036,335,3,245
3037,336,3,245
3038,337,3,245
3039,338,3,245
3040,339,3,246
3041,341,3,246
3042,342,3,245
3043,344,3,245
3044,346,3,245
3045,347,3,245
3046,349,3,246
3047,350,3,245
3048,351,3,245
3049,352,3,245
3050,354,3,245
3051,355,3,245
3052,356,3,245
3053,357,3,245
3054,358,3,245
3055,359,3,245
3056,360,3,245
3057,361,3,245
3058,362,3,245
3059,363,3,245
3060,364,3,245
3061,365,3,246
3062,366,3,246
3063,367,3,245
3064,368,3,245
3065,369,3,245
3066,370,3,245
3067,371,3,245
3068,372,3,245
3069,373,3,245
3070,374,3,245
3071,375,3,245
3072,376,3,244
3073,377,3,244
3074,378,3,244
3075,379,3,244
3076,380,3,245
3077,381,3,246
3078,382,3,245
3079,383,3,245
3080,384,3,245
3081,385,3,245
3082,386,3,246
3083,387,3,246
3084,388,3,245
3085,389,3,245
3086,390,3,246
3087,391,3,246
3088,392,3,246
3089,393,3,245
3090,394,3,246
3091,395,3,246
3092,396,3,246
3093,397,3,245
3094,398,3,245
3095,399,3,245
3096,400,3,245
3097,401,3,245
3098,402,3,245
3099,403,3,244
3100,404,3,244
3101,405,3,244
3102,406,3,244
3103,407,3,244
3104,408,3,244
3105,409,3,244
3106,410,3,245
3107,411,3,244
3108,412,3,244
3109,413,3,244
3110,414,3,244
3111,415,3,244
3112,416,3,244
3113,417,3,244
3114,418,3,244
3115,420,3,245
3116,421,3,245
3117,422,3,245
3118,423,3,245
3119,424,3,245
3120,425,3,244
3121,426,3,244
3122,427,3,245
3123,430,3,244
3124,431,3,244
3125,432,3,244
3126,433,3,244
3127,434,3,244
3128,435,3,244
3129,436,3,244
3130,437,3,244
3131,438,3,244
3132,439,3,244
3133,440,3,244
3134,441,3,244
3135,442,3,244
3136,443,3,244
3137,444,3,244
3138,445,3,244
3139,446,3,244
3140,447,3,244
3141,448,3,244
3142,449,3,244
3143,450,3,245
3144,451,3,244
3145,452,3,244
3146,453,3,244
3147,454,3,244
3148,455,3,244
3149,456,3,244
3150,457,3,244
3151,458,3,244
3152,459,3,244
3153,460,3,245
3154,461,3,245
3155,462,3,245
3156,463,3,245
3157,464,3,245
3158,465,3,245
3159,466,3,245
3160,467,3,244
3161,468,3,244
3162,469,3,245
3163,470,3,245
3164,471,3,245
3165,472,3,245
3166,473,3,244
3167,474,3,245
3168,475,3,245
3169,476,3,245
3170,477,3,245
3171,478,3,245
3172,479,3,245
3173,480,3,244
3174,481,3,244
3175,482,3,244
3176,483,3,244
3177,484,3,244
3178,485,3,244
3179,486,3,244
3180,487,3,244
3181,488,3,244
3182,489,3,244
3183,490,3,244
3184,491,3,244
3185,492,3,244
3186,493,3,244
3187,494,3,244
3188,495,3,244
3189,496,3,244
3190,497,3,245
3191,498,3,245
3192,499,3,245
3193,500,3,245
3194,501,3,245
3195,502,3,245
3196,503,3,245
3197,504,3,245
3198,505,3,246
3199,506,3,245
3200,507,3,245
3201,508,3,245
3202,509,3,245
3203,510,3,246
3204,511,3,246
3205,512,3,246
3206,513,3,246
3207,514,3,246
3208,515,3,246
3209,516,3,246
3210,520,3,245
3211,521,3,245
3212,522,3,245
3213,523,3,245
3214,524,3,245
3215,525,3,245
3216,526,3,245
3217,527,3,245
3218,528,3,245
3219,530,3,245
3220,531,3,245
3221,532,3,245
3222,534,3,245
3223,535,3,245
3224,537,3,245
3225,538,3,245
3226,539,3,245
3227,540,3,245
3228,541,3,245
3229,542,3,245
3230,543,3,245
3231,544,3,245
3232,545,3,245
3233,546,3,245
3234,547,3,245
3235,548,3,245
3236,549,3,245
3237,550,3,245
3238,551,3,245
3239,553,3,245
3240,554,3,245
3241,555,3,245
3242,556,3,245
3243,557,3,245
3244,558,3,245
3245,559,3,245
3246,560,3,246
3247,561,3,246
3248,562,3,246
3249,563,3,246
3250,564,3,246
3251,565,3,246
3252,566,3,246
3253,567,3,246
3254,569,3,246
3255,570,3,246
3256,571,3,246
3257,572,3,246
3258,573,3,246
3259,574,3,246
3260,575,3,246
3261,576,3,247
3262,577,3,247
3263,580,3,246
3264,581,3,246
3265,582,3,246
3266,583,3,246
3267,584,3,246
3268,585,3,246
3269,586,3,247
3270,587,3,247
3271,588,3,247
3272,590,3,247
3273,591,3,247
3274,592,3,247
3275,593,3,247
3276,594,3,248
3277,595,3,247
3278,596,3,248
3279,597,3,248
3280,598,3,248
3281,599,3,248
3282,600,3,245
3283,601,3,245
3284,602,3,245
3285,603,3,245
3286,604,3,245
3287,605,3,245
3288,606,3,245
3289,607,3,245
3290,608,3,245
3291,609,3,245
3292,610,3,245
3293,611,3,245
3294,612,3,245
3295,613,3,245
3296,614,3,245
3297,615,3,245
3298,616,3,245
3299,617,3,245
3300,618,3,245
3301,619,3,245
3302,620,3,245
3303,622,3,245
3304,623,3,245
3305,624,3,245
3306,625,3,245
3307,626,3,245
3308,627,3,245
3309,628,3,245
3310,629,3,245
3311,630,3,245
3312,631,3,245
3313,633,3,245
3314,634,3,245
3315,635,3,245
3316,636,3,245
3317,637,3,245
3318,638,3,245
3319,639,3,246
3320,640,3,246
3321,641,3,246
3322,644,3,246
3323,645,3,246
3324,646,3,246
3325,647,3,246
3326,648,3,246
3327,649,3,246
3328,650,3,245
3329,651,3,245
3330,652,3,245
3331,653,3,246
3332,654,3,245
3333,655,3,245
3334,656,3,246
3335,657,3,246
3336,658,3,246
3337,660,3,246
3338,661,3,246
3339,662,3,246
3340,664,3,246
3341,665,3,246
3342,666,3,246
3343,667,3,246
3344,668,3,246
3345,669,3,246
3346,670,3,246
3347,671,3,246
3348,672,3,246
3349,673,3,246
3350,674,3,246
3351,675,3,246
3352,676,3,246
3353,677,3,247
3354,678,3,246
3355,679,3,247
3356,680,3,246
3357,681,3,246
3358,683,3,246
3359,684,3,246
3360,685,3,246
3361,686,3,246
3362,687,3,246
3363,688,3,246
3364,689,3,246
3365,690,3,246
3366,691,3,246
3367,692,3,246
3368,693,3,247
3369,700,3,246
3370,701,3,246
3371,703,3,246
3372,704,3,246
3373,705,3,246
3374,706,3,246
3375,707,3,246
3376,708,3,246
3377,710,3,246
3378,711,3,246
3379,712,3,246
3380,713,3,246
3381,714,3,246
3382,716,3,246
3383,717,3,246
3384,718,3,246
3385,719,3,246
3386,720,3,246
3387,721,3,246
3388,722,3,246
3389,723,3,246
3390,724,3,245
3391,725,3,245
3392,726,3,246
3393,727,3,246
3394,728,3,246
3395,729,3,246
3396,730,3,246
3397,731,3,246
3398,733,3,247
3399,734,3,246
3400,735,3,246
3401,736,3,246
3402,737,3,246
3403,738,3,246
3404,739,3,247
3405,740,3,246
3406,741,3,246
3407,743,3,246
3408,744,3,246
3409,745,3,246
3410,746,3,246
3411,747,3,246
3412,748,3,246
3413,749,3,246
3414,750,3,246
3415,751,3,246
3416,752,3,246
3417,753,3,246
3418,754,3,246
3419,755,3,246
3420,756,3,246
3421,757,3,246
3422,758,3,246
3423,759,3,246
3424,760,3,246
3425,761,3,246
3426,762,3,246
3427,763,3,246
3428,764,3,246
3429,765,3,247
3430,766,3,246
3431,767,3,246
3432,768,3,247
3433,769,3,247
3434,770,3,246
3435,772,3,246
3436,773,3,246
3437,774,3,246
3438,775,3,246
3439,776,3,246
3440,777,3,246
3441,778,3,246
3442,779,3,247
3443,780,3,247
3444,781,3,247
3445,782,3,247
3446,783,3,247
3447,784,3,247
3448,785,3,247
3449,786,3,247
3450,787,3,247
3451,788,3,247
3452,789,3,247
3453,790,3,247
3454,791,3,247
3455,792,3,247
3456,793,3,247
3457,794,3,247
3458,795,3,247
3459,796,3,247
3460,797,3,247
3461,798,3,248
3462,799,3,248
3463,800,3,247
3464,801,3,247
3465,802,3,247
3466,803,3,247
3467,804,3,247
3468,805,3,247
3469,806,3,247
3470,807,3,247
3471,808,3,247
3472,809,3,247
3473,810,3,247
3474,811,3,247
3475,812,3,247
3476,813,3,247
3477,814,3,247
3478,815,3,248
3479,816,3,247
3480,820,3,247
3481,821,3,247
3482,822,3,247
3483,823,3,247
3484,824,3,247
3485,825,3,247
3486,826,3,247
3487,827,3,247
3488,828,3,247
3489,829,3,247
3490,830,3,247
3491,831,3,247
3492,832,3,248
3493,833,3,248
3494,834,3,248
3495,835,3,248
3496,836,3,248
3497,837,3,248
3498,838,3,248
3499,840,3,248
3500,841,3,248
3501,842,3,248
3502,843,3,248
3503,844,3,248
3504,845,3,248
3505,846,3,248
3506,847,3,248
3507,850,3,248
3508,851,3,248
3509,852,3,248
3510,853,3,248
3511,855,3,248
3512,856,3,248
3513,857,3,248
3514,859,3,248
3515,860,3,248
3516,863,3,248
3517,864,3,248
3518,865,3,248
3519,870,3,247
3520,871,3,247
3521,873,3,248
3522,874,3,248
3523,875,3,247
3524,877,3,247
3525,878,3,247
3526,879,3,247
3527,880,3,248
3528,881,3,247
3529,882,3,247
3530,883,3,247
3531,884,3,247
3532,885,3,248
3533,889,3,248
3534,890,3,248
3535,891,3,248
3536,893,3,248
3537,894,3,248
3538,895,3,248
3539,897,3,248
3540,898,3,248
3541,900,3,248
3542,901,3,248
3543,902,3,248
3544,903,3,248
3545,904,3,248
3546,905,3,248
3547,906,3,248
3548,907,3,248
3549,908,3,248
3550,910,3,248
3551,911,3,248
3552,912,3,248
3553,913,3,248
3554,914,3,248
3555,915,3,248
3556,916,3,248
3557,917,3,248
3558,918,3,248
3559,919,3,248
3560,920,3,248
3561,921,3,248
3562,922,3,248
3563,923,3,248
3564,924,3,248
3565,925,3,248
3566,926,3,248
3567,927,3,248
3568,928,3,248
3569,930,3,248
3570,931,3,248
3571,932,3,248
3572,933,3,248
3573,934,3,248
3574,935,3,248
3575,936,3,248
3576,937,3,248
3577,938,3,248
3578,939,3,248
3579,940,3,248
3580,941,3,248
3581,942,3,248
3582,943,3,248
3583,944,3,248
3584,945,3,248
3585,946,3,248
3586,947,3,248
3587,948,3,248
3588,949,3,248
3589,950,3,248
3590,951,3,248
3591,952,3,248
3592,953,3,248
3593,954,3,248
3594,955,3,248
3595,956,3,248
3596,957,3,248
3597,958,3,248
3598,959,3,248
3599,960,3,248
3600,961,3,248
3601,970,3,248
3602,971,3,248
3603,972,3,248
3604,973,3,248
3605,974,3,248
3606,975,3,248
3607,976,3,248
3608,977,3,248
3609,978,3,248
3610,979,3,248
3611,980,3,248
3612,981,3,248
3613,982,3,248
3614,983,3,248
3615,984,3,248
3616,985,3,248
3617,986,3,248
3618,988,3,248
3619,989,3,248
3620,990,3,248
3621,991,3,248
3622,992,3,248
3623,993,3,248
3624,994,3,248
3625,005,4,132
3626,006,4,132
3627,007,4,132
3628,009,4,132
3629,010,4,132
3630,011,4,132
3631,012,4,132
3632,013,4,132
3633,014,4,133
3634,015,4,132
3635,016,4,132
3636,017,4,133
3637,018,4,133
3638,019,4,133
3639,020,4,133
3640,021,4,133
3641,022,4,133
3642,023,4,133
3643,024,4,133
3644,025,4,133
3645,026,4,133
3646,027,4,133
3647,028,4,133
3648,029,4,133
3649,030,4,133
3650,031,4,133
3651,032,4,133
3652,033,4,133
3653,034,4,133
3654,035,4,133
3655,036,4,133
3656,037,4,133
3657,038,4,133
3658,039,4,133
3659,040,4,133
3660,041,4,133
3661,042,4,133
3662,043,4,134
3663,044,4,134
3664,045,4,134
3665,046,4,134
3666,047,4,134
3667,048,4,134
3668,049,4,134
3669,050,4,133
3670,051,4,133
3671,052,4,132
3672,053,4,132
3673,054,4,133
3674,055,4,133
3675,056,4,133
3676,057,4,133
3677,058,4,133
3678,059,4,133
3679,060,4,132
3680,061,4,132
3681,062,4,132
3682,063,4,132
3683,064,4,132
3684,065,4,132
3685,066,4,132
3686,067,4,132
3687,068,4,132
3688,069,4,132
3689,070,4,132
3690,071,4,132
3691,072,4,132
3692,073,4,132
3693,074,4,132
3694,075,4,132
3695,076,4,132
3696,077,4,132
3697,078,4,132
3698,079,4,132
3699,080,4,132
3700,081,4,132
3701,082,4,132
3702,083,4,132
3703,084,4,132
3704,085,4,132
3705,086,4,132
3706,087,4,132
3707,088,4,132
3708,089,4,132
3709,100,4,132
3710,101,4,132
3711,102,4,132
3712,103,4,132
3713,104,4,132
3714,105,4,132
3715,106,4,132
3716,107,4,132
3717,108,4,132
3718,109,4,132
3719,110,4,132
3720,111,4,132
3721,112,4,132
3722,113,4,132
3723,114,4,132
3724,115,4,132
3725,116,4,132
3726,117,4,132
3727,118,4,132
3728,119,4,132
3729,120,4,132
3730,121,4,132
3731,122,4,132
3732,123,4,132
3733,124,4,132
3734,125,4,132
3735,126,4,132
3736,127,4,132
3737,128,4,133
3738,129,4,133
3739,130,4,133
3740,131,4,133
3741,132,4,133
3742,133,4,133
3743,134,4,133
3744,135,4,133
3745,136,4,133
3746,137,4,132
3747,138,4,132
3748,139,4,132
3749,140,4,133
3750,141,4,133
3751,142,4,133
3752,143,4,133
3753,144,4,133
3754,145,4,133
3755,146,4,133
3756,147,4,133
3757,148,4,132
3758,149,4,132
3759,150,4,134
3760,151,4,134
3761,152,4,134
3762,153,4,134
3763,154,4,133
3764,155,4,133
3765,156,4,133
3766,157,4,133
3767,158,4,133
3768,159,4,133
3769,160,4,133
3770,161,4,133
3771,162,4,133
3772,163,4,133
3773,164,4,134
3774,165,4,134
3775,166,4,133
3776,167,4,133
3777,168,4,133
3778,169,4,133
3779,170,4,132
3780,171,4,132
3781,172,4,132
3782,173,4,132
3783,174,4,132
3784,175,4,132
3785,176,4,132
3786,177,4,132
3787,178,4,132
3788,179,4,132
3789,180,4,132
3790,181,4,132
3791,182,4,132
3792,183,4,132
3793,184,4,132
3794,185,4,132
3795,186,4,132
3796,187,4,132
3797,188,4,132
3798,189,4,132
3799,190,4,132
3800,191,4,132
3801,192,4,132
3802,193,4,132
3803,194,4,132
3804,195,4,132
3805,196,4,132
3806,197,4,132
3807,198,4,132
3808,199,4,132
3809,200,4,133
3810,201,4,133
3811,202,4,133
3812,203,4,133
3813,204,4,133
3814,205,4,133
3815,206,4,133
3816,207,4,133
3817,208,4,133
3818,209,4,133
3819,210,4,132
3820,211,4,132
3821,212,4,132
3822,214,4,133
3823,215,4,133
3824,216,4,133
3825,217,4,133
3826,218,4,133
3827,219,4,132
3828,220,4,133
3829,221,4,133
3830,222,4,133
3831,223,4,133
3832,224,4,133
3833,225,4,133
3834,226,4,133
3835,227,4,133
3836,228,4,133
3837,229,4,133
3838,230,4,134
3839,231,4,133
3840,232,4,133
3841,233,4,133
3842,234,4,133
3843,235,4,133
3844,236,4,133
3845,237,4,133
3846,238,4,133
3847,239,4,134
3848,240,4,134
3849,241,4,134
3850,242,4,134
3851,243,4,134
3852,244,4,133
3853,245,4,134
3854,246,4,134
3855,247,4,134
3856,248,4,134
3857,249,4,134
3858,250,4,134
3859,251,4,134
3860,252,4,134
3861,253,4,134
3862,254,4,133
3863,255,4,134
3864,256,4,134
3865,257,4,134
3866,258,4,134
3867,259,4,134
3868,260,4,134
3869,261,4,134
3870,262,4,134
3871,263,4,134
3872,264,4,134
3873,265,4,133
3874,266,4,134
3875,267,4,133
3876,268,4,133
3877,270,4,134
3878,271,4,134
3879,272,4,134
3880,273,4,134
3881,274,4,134
3882,275,4,134
3883,276,4,134
3884,277,4,134
3885,278,4,134
3886,279,4,134
3887,280,4,134
3888,281,4,134
3889,282,4,134
3890,283,4,134
3891,284,4,134
3892,285,4,134
3893,286,4,134
3894,287,4,134
3895,288,4,134
3896,289,4,135
3897,290,4,134
3898,291,4,134
3899,292,4,134
3900,293,4,134
3901,294,4,135
3902,295,4,134
3903,296,4,134
3904,297,4,134
3905,298,4,135
3906,299,4,135
3907,300,4,135
3908,301,4,135
3909,302,4,135
3910,303,4,135
3911,304,4,135
3912,305,4,135
3913,306,4,135
3914,307,4,135
3915,308,4,135
3916,309,4,135
3917,310,4,135
3918,311,4,135
3919,312,4,135
3920,313,4,135
3921,314,4,135
3922,315,4,135
3923,316,4,135
3924,317,4,135
3925,318,4,135
3926,319,4,135
3927,320,4,135
3928,321,4,135
3929,322,4,135
3930,323,4,135
3931,324,4,135
3932,325,4,136
3933,326,4,135
3934,327,4,135
3935,328,4,135
3936,329,4,135
3937,330,4,136
3938,331,4,136
3939,332,4,136
3940,333,4,136
3941,334,4,136
3942,335,4,135
3943,336,4,135
3944,337,4,135
3945,338,4,135
3946,339,4,136
3947,341,4,136
3948,342,4,135
3949,344,4,135
3950,346,4,135
3951,347,4,135
3952,349,4,136
3953,350,4,135
3954,351,4,135
3955,352,4,135
3956,354,4,135
3957,355,4,135
3958,356,4,135
3959,357,4,135
3960,358,4,135
3961,359,4,135
3962,360,4,135
3963,361,4,135
3964,362,4,135
3965,363,4,135
3966,364,4,135
3967,365,4,136
3968,366,4,136
3969,367,4,135
3970,368,4,135
3971,369,4,135
3972,370,4,135
3973,371,4,135
3974,372,4,135
3975,373,4,135
3976,374,4,135
3977,375,4,135
3978,376,4,134
3979,377,4,134
3980,378,4,134
3981,379,4,134
3982,380,4,135
3983,381,4,136
3984,382,4,135
3985,383,4,135
3986,384,4,135
3987,385,4,135
3988,386,4,136
3989,387,4,136
3990,388,4,135
3991,389,4,135
3992,390,4,136
3993,391,4,136
3994,392,4,136
3995,393,4,135
3996,394,4,136
3997,395,4,136
3998,396,4,136
3999,397,4,135
4000,398,4,135
4001,399,4,135
4002,400,4,135
4003,401,4,135
4004,402,4,135
4005,403,4,134
4006,404,4,134
4007,405,4,134
4008,406,4,134
4009,407,4,134
4010,408,4,134
4011,409,4,134
4012,410,4,135
4013,411,4,134
4014,412,4,134
4015,413,4,134
4016,414,4,134
4017,415,4,134
4018,416,4,134
4019,417,4,134
4020,418,4,134
4021,420,4,135
4022,421,4,135
4023,422,4,135
4024,423,4,135
4025,424,4,135
4026,425,4,134
4027,426,4,134
4028,427,4,135
4029,430,4,134
4030,431,4,134
4031,432,4,134
4032,433,4,134
4033,434,4,134
4034,435,4,134
4035,436,4,134
4036,437,4,134
4037,438,4,134
4038,439,4,134
4039,440,4,134
4040,441,4,134
4041,442,4,134
4042,443,4,134
4043,444,4,134
4044,445,4,134
4045,446,4,134
4046,447,4,134
4047,448,4,134
4048,449,4,134
4049,450,4,135
4050,451,4,134
4051,452,4,134
4052,453,4,134
4053,454,4,134
4054,455,4,134
4055,456,4,134
4056,457,4,134
4057,458,4,134
4058,459,4,134
4059,460,4,135
4060,461,4,135
4061,462,4,135
4062,463,4,135
4063,464,4,135
4064,465,4,135
4065,466,4,135
4066,467,4,134
4067,468,4,134
4068,469,4,135
4069,470,4,135
4070,471,4,135
4071,472,4,135
4072,473,4,134
4073,474,4,135
4074,475,4,135
4075,476,4,135
4076,477,4,135
4077,478,4,135
4078,479,4,135
4079,480,4,134
4080,481,4,134
4081,482,4,134
4082,483,4,134
4083,484,4,134
4084,485,4,134
4085,486,4,134
4086,487,4,134
4087,488,4,134
4088,489,4,134
4089,490,4,134
4090,491,4,134
4091,492,4,134
4092,493,4,134
4093,494,4,134
4094,495,4,134
4095,496,4,134
4096,497,4,135
4097,498,4,135
4098,499,4,135
4099,500,4,135
4100,501,4,135
4101,502,4,135
4102,503,4,135
4103,504,4,135
4104,505,4,136
4105,506,4,135
4106,507,4,135
4107,508,4,135
4108,509,4,135
4109,510,4,136
4110,511,4,136
4111,512,4,136
4112,513,4,136
4113,514,4,136
4114,515,4,136
4115,516,4,136
4116,520,4,135
4117,521,4,135
4118,522,4,135
4119,523,4,135
4120,524,4,135
4121,525,4,135
4122,526,4,135
4123,527,4,135
4124,528,4,135
4125,530,4,135
4126,531,4,135
4127,532,4,135
4128,534,4,135
4129,535,4,135
4130,537,4,135
4131,538,4,135
4132,539,4,135
4133,540,4,135
4134,541,4,135
4135,542,4,135
4136,543,4,135
4137,544,4,135
4138,545,4,135
4139,546,4,135
4140,547,4,135
4141,548,4,135
4142,549,4,135
4143,550,4,135
4144,551,4,135
4145,553,4,135
4146,554,4,135
4147,555,4,135
4148,556,4,135
4149,557,4,135
4150,558,4,135
4151,559,4,135
4152,560,4,136
4153,561,4,136
4154,562,4,136
4155,563,4,136
4156,564,4,136
4157,565,4,136
4158,566,4,136
4159,567,4,136
4160,569,4,136
4161,570,4,136
4162,571,4,136
4163,572,4,136
4164,573,4,136
4165,574,4,136
4166,575,4,136
4167,576,4,137
4168,577,4,137
4169,580,4,136
4170,581,4,136
4171,582,4,136
4172,583,4,136
4173,584,4,136
4174,585,4,136
4175,586,4,137
4176,587,4,137
4177,588,4,137
4178,590,4,137
4179,591,4,137
4180,592,4,137
4181,593,4,137
4182,594,4,138
4183,595,4,137
4184,596,4,138
4185,597,4,138
4186,598,4,138
4187,599,4,138
4188,600,4,135
4189,601,4,135
4190,602,4,135
4191,603,4,135
4192,604,4,135
4193,605,4,135
4194,606,4,135
4195,607,4,135
4196,608,4,135
4197,609,4,135
4198,610,4,135
4199,611,4,135
4200,612,4,135
4201,613,4,135
4202,614,4,135
4203,615,4,135
4204,616,4,135
4205,617,4,135
4206,618,4,135
4207,619,4,135
4208,620,4,135
4209,622,4,135
4210,623,4,135
4211,624,4,135
4212,625,4,135
4213,626,4,135
4214,627,4,135
4215,628,4,135
4216,629,4,135
4217,630,4,135
4218,631,4,135
4219,633,4,135
4220,634,4,135
4221,635,4,135
4222,636,4,135
4223,637,4,135
4224,638,4,135
4225,639,4,136
4226,640,4,136
4227,641,4,136
4228,644,4,136
4229,645,4,136
4230,646,4,136
4231,647,4,136
4232,648,4,136
4233,649,4,136
4234,650,4,135
4235,651,4,135
4236,652,4,135
4237,653,4,136
4238,654,4,135
4239,655,4,135
4240,656,4,136
4241,657,4,136
4242,658,4,136
4243,660,4,136
4244,661,4,136
4245,662,4,136
4246,664,4,136
4247,665,4,136
4248,666,4,136
4249,667,4,136
4250,668,4,136
4251,669,4,136
4252,670,4,136
4253,671,4,136
4254,672,4,136
4255,673,4,136
4256,674,4,136
4257,675,4,136
4258,676,4,136
4259,677,4,137
4260,678,4,136
4261,679,4,137
4262,680,4,136
4263,681,4,136
4264,683,4,136
4265,684,4,136
4266,685,4,136
4267,686,4,136
4268,687,4,136
4269,688,4,136
4270,689,4,136
4271,690,4,136
4272,691,4,136
4273,692,4,136
4274,693,4,137
4275,700,4,136
4276,701,4,136
4277,703,4,136
4278,704,4,136
4279,705,4,136
4280,706,4,136
4281,707,4,136
4282,708,4,136
4283,710,4,136
4284,711,4,136
4285,712,4,136
4286,713,4,136
4287,714,4,136
4288,716,4,136
4289,717,4,136
4290,718,4,136
4291,719,4,136
4292,720,4,136
4293,721,4,136
4294,722,4,136
4295,723,4,136
4296,724,4,135
4297,725,4,135
4298,726,4,136
4299,727,4,136
4300,728,4,136
4301,729,4,136
4302,730,4,136
4303,731,4,136
4304,733,4,137
4305,734,4,136
4306,735,4,136
4307,736,4,136
4308,737,4,136
4309,738,4,136
4310,739,4,137
4311,740,4,136
4312,741,4,136
4313,743,4,136
4314,744,4,136
4315,745,4,136
4316,746,4,136
4317,747,4,136
4318,748,4,136
4319,749,4,136
4320,750,4,136
4321,751,4,136
4322,752,4,136
4323,753,4,136
4324,754,4,136
4325,755,4,136
4326,756,4,136
4327,757,4,136
4328,758,4,136
4329,759,4,136
4330,760,4,136
4331,761,4,136
4332,762,4,136
4333,763,4,136
4334,764,4,136
4335,765,4,137
4336,766,4,136
4337,767,4,136
4338,768,4,137
4339,769,4,137
4340,770,4,136
4341,772,4,136
4342,773,4,136
4343,774,4,136
4344,775,4,136
4345,776,4,136
4346,777,4,136
4347,778,4,136
4348,779,4,137
4349,780,4,137
4350,781,4,137
4351,782,4,137
4352,783,4,137
4353,784,4,137
4354,785,4,137
4355,786,4,137
4356,787,4,137
4357,788,4,137
4358,789,4,137
4359,790,4,137
4360,791,4,137
4361,792,4,137
4362,793,4,137
4363,794,4,137
4364,795,4,137
4365,796,4,137
4366,797,4,137
4367,798,4,138
4368,799,4,138
4369,800,4,137
4370,801,4,137
4371,802,4,137
4372,803,4,137
4373,804,4,137
4374,805,4,137
4375,806,4,137
4376,807,4,137
4377,808,4,137
4378,809,4,137
4379,810,4,137
4380,811,4,137
4381,812,4,137
4382,813,4,137
4383,814,4,137
4384,815,4,138
4385,816,4,137
4386,820,4,137
4387,821,4,137
4388,822,4,137
4389,823,4,137
4390,824,4,137
4391,825,4,137
4392,826,4,137
4393,827,4,137
4394,828,4,137
4395,829,4,137
4396,830,4,137
4397,831,4,137
4398,832,4,138
4399,833,4,138
4400,834,4,138
4401,835,4,138
4402,836,4,138
4403,837,4,138
4404,838,4,138
4405,840,4,138
4406,841,4,138
4407,842,4,138
4408,843,4,138
4409,844,4,138
4410,845,4,138
4411,846,4,138
4412,847,4,138
4413,850,4,138
4414,851,4,138
4415,852,4,138
4416,853,4,138
4417,855,4,138
4418,856,4,138
4419,857,4,138
4420,859,4,138
4421,860,4,138
4422,863,4,138
4423,864,4,138
4424,865,4,138
4425,870,4,137
4426,871,4,137
4427,873,4,138
4428,874,4,138
4429,875,4,137
4430,877,4,137
4431,878,4,137
4432,879,4,137
4433,880,4,138
4434,881,4,137
4435,882,4,137
4436,883,4,137
4437,884,4,137
4438,885,4,138
4439,889,4,138
4440,890,4,138
4441,891,4,138
4442,893,4,138
4443,894,4,138
4444,895,4,138
4445,897,4,138
4446,898,4,138
4447,900,4,138
4448,901,4,138
4449,902,4,138
4450,903,4,138
4451,904,4,138
4452,905,4,138
4453,906,4,138
4454,907,4,138
4455,908,4,138
4456,910,4,138
4457,911,4,138
4458,912,4,138
4459,913,4,138
4460,914,4,138
4461,915,4,138
4462,916,4,138
4463,917,4,138
4464,918,4,138
4465,919,4,138
4466,920,4,138
4467,921,4,138
4468,922,4,138
4469,923,4,138
4470,924,4,138
4471,925,4,138
4472,926,4,138
4473,927,4,138
4474,928,4,138
4475,930,4,138
4476,931,4,138
4477,932,4,138
4478,933,4,138
4479,934,4,138
4480,935,4,138
4481,936,4,138
4482,937,4,138
4483,938,4,138
4484,939,4,138
4485,940,4,138
4486,941,4,138
4487,942,4,138
4488,943,4,138
4489,944,4,138
4490,945,4,138
4491,946,4,138
4492,947,4,138
4493,948,4,138
4494,949,4,138
4495,950,4,138
4496,951,4,138
4497,952,4,138
4498,953,4,138
4499,954,4,138
4500,955,4,138
4501,956,4,138
4502,957,4,138
4503,958,4,138
4504,959,4,138
4505,960,4,138
4506,961,4,138
4507,970,4,138
4508,971,4,138
4509,972,4,138
4510,973,4,138
4511,974,4,138
4512,975,4,138
4513,976,4,138
4514,977,4,138
4515,978,4,138
4516,979,4,138
4517,980,4,138
4518,981,4,138
4519,982,4,138
4520,983,4,138
4521,984,4,138
4522,985,4,138
4523,986,4,138
4524,988,4,138
4525,989,4,138
4526,990,4,138
4527,991,4,138
4528,992,4,138
4529,993,4,138
4530,994,4,138
4531,005,5,102
4532,006,5,125
4533,007,5,125
4534,009,5,125
4535,010,5,102
4536,011,5,102
4537,012,5,102
4538,013,5,102
4539,014,5,103
4540,015,5,102
4541,016,5,102
4542,017,5,103
4543,018,5,103
4544,019,5,103
4545,020,5,103
4546,021,5,103
4547,022,5,103
4548,023,5,103
4549,024,5,103
4550,025,5,103
4551,026,5,103
4552,027,5,103
4553,028,5,103
4554,029,5,103
4555,030,5,103
4556,031,5,103
4557,032,5,103
4558,033,5,103
4559,034,5,103
4560,035,5,103
4561,036,5,103
4562,037,5,103
4563,038,5,103
4564,039,5,103
4565,040,5,103
4566,041,5,103
4567,042,5,103
4568,043,5,104
4569,044,5,104
4570,045,5,104
4571,046,5,104
4572,047,5,104
4573,048,5,104
4574,049,5,104
4575,050,5,103
4576,051,5,103
4577,052,5,102
4578,053,5,102
4579,054,5,103
4580,055,5,103
4581,056,5,103
4582,057,5,103
4583,058,5,103
4584,059,5,103
4585,060,5,102
4586,061,5,102
4587,062,5,102
4588,063,5,102
4589,064,5,102
4590,065,5,102
4591,066,5,102
4592,067,5,102
4593,068,5,102
4594,069,5,102
4595,070,5,102
4596,071,5,102
4597,072,5,102
4598,073,5,102
4599,074,5,102
4600,075,5,102
4601,076,5,102
4602,077,5,102
4603,078,5,102
4604,079,5,102
4605,080,5,102
4606,081,5,102
4607,082,5,102
4608,083,5,102
4609,084,5,102
4610,085,5,102
4611,086,5,102
4612,087,5,102
4613,088,5,102
4614,089,5,102
4615,100,5,102
4616,101,5,102
4617,102,5,102
4618,103,5,102
4619,104,5,102
4620,105,5,102
4621,106,5,102
4622,107,5,102
4623,108,5,102
4624,109,5,102
4625,110,5,102
4626,111,5,102
4627,112,5,102
4628,113,5,102
4629,114,5,102
4630,115,5,102
4631,116,5,102
4632,117,5,102
4633,118,5,102
4634,119,5,102
4635,120,5,102
4636,121,5,102
4637,122,5,102
4638,123,5,102
4639,124,5,102
4640,125,5,102
4641,126,5,102
4642,127,5,102
4643,128,5,103
4644,129,5,103
4645,130,5,103
4646,131,5,103
4647,132,5,103
4648,133,5,103
4649,134,5,103
4650,135,5,103
4651,136,5,103
4652,137,5,102
4653,138,5,102
4654,139,5,102
4655,140,5,103
4656,141,5,103
4657,142,5,103
4658,143,5,103
4659,144,5,103
4660,145,5,103
4661,146,5,103
4662,147,5,103
4663,148,5,102
4664,149,5,102
4665,150,5,104
4666,151,5,104
4667,152,5,104
4668,153,5,104
4669,154,5,103
4670,155,5,103
4671,156,5,103
4672,157,5,103
4673,158,5,103
4674,159,5,103
4675,160,5,103
4676,161,5,103
4677,162,5,103
4678,163,5,103
4679,164,5,104
4680,165,5,104
4681,166,5,103
4682,167,5,103
4683,168,5,103
4684,169,5,103
4685,170,5,102
4686,171,5,102
4687,172,5,102
4688,173,5,102
4689,174,5,102
4690,175,5,102
4691,176,5,102
4692,177,5,102
4693,178,5,102
4694,179,5,102
4695,180,5,102
4696,181,5,102
4697,182,5,102
4698,183,5,102
4699,184,5,102
4700,185,5,102
4701,186,5,102
4702,187,5,102
4703,188,5,102
4704,189,5,102
4705,190,5,102
4706,191,5,102
4707,192,5,102
4708,193,5,102
4709,194,5,102
4710,195,5,102
4711,196,5,102
4712,197,5,102
4713,198,5,102
4714,199,5,102
4715,200,5,103
4716,201,5,103
4717,202,5,103
4718,203,5,103
4719,204,5,103
4720,205,5,103
4721,206,5,103
4722,207,5,103
4723,208,5,103
4724,209,5,103
4725,210,5,102
4726,211,5,102
4727,212,5,102
4728,214,5,103
4729,215,5,103
4730,216,5,103
4731,217,5,103
4732,218,5,103
4733,219,5,102
4734,220,5,103
4735,221,5,103
4736,222,5,103
4737,223,5,103
4738,224,5,103
4739,225,5,103
4740,226,5,103
4741,227,5,103
4742,228,5,103
4743,229,5,103
4744,230,5,104
4745,231,5,103
4746,232,5,103
4747,233,5,103
4748,234,5,103
4749,235,5,103
4750,236,5,103
4751,237,5,103
4752,238,5,103
4753,239,5,104
4754,240,5,104
4755,241,5,104
4756,242,5,104
4757,243,5,104
4758,244,5,103
4759,245,5,104
4760,246,5,104
4761,247,5,104
4762,248,5,104
4763,249,5,104
4764,250,5,104
4765,251,5,104
4766,252,5,104
4767,253,5,104
4768,254,5,103
4769,255,5,104
4770,256,5,104
4771,257,5,104
4772,258,5,104
4773,259,5,104
4774,260,5,104
4775,261,5,104
4776,262,5,104
4777,263,5,104
4778,264,5,104
4779,265,5,103
4780,266,5,104
4781,267,5,103
4782,268,5,103
4783,270,5,104
4784,271,5,104
4785,272,5,104
4786,273,5,104
4787,274,5,104
4788,275,5,104
4789,276,5,104
4790,277,5,104
4791,278,5,104
4792,279,5,104
4793,280,5,104
4794,281,5,104
4795,282,5,104
4796,283,5,104
4797,284,5,104
4798,285,5,104
4799,286,5,104
4800,287,5,104
4801,288,5,104
4802,289,5,105
4803,290,5,104
4804,291,5,104
4805,292,5,104
4806,293,5,104
4807,294,5,105
4808,295,5,104
4809,296,5,104
4810,297,5,104
4811,298,5,105
4812,299,5,105
4813,300,5,105
4814,301,5,105
4815,302,5,105
4816,303,5,105
4817,304,5,105
4818,305,5,105
4819,306,5,105
4820,307,5,105
4821,308,5,105
4822,309,5,105
4823,310,5,105
4824,311,5,105
4825,312,5,105
4826,313,5,105
4827,314,5,105
4828,315,5,105
4829,316,5,105
4830,317,5,105
4831,318,5,105
4832,319,5,105
4833,320,5,105
4834,321,5,105
4835,322,5,105
4836,323,5,105
4837,324,5,105
4838,325,5,106
4839,326,5,105
4840,327,5,105
4841,328,5,105
4842,329,5,105
4843,330,5,106
4844,331,5,106
4845,332,5,106
4846,333,5,106
4847,334,5,106
4848,335,5,105
4849,336,5,105
4850,337,5,105
4851,338,5,105
4852,339,5,106
4853,341,5,106
4854,342,5,105
4855,344,5,105
4856,346,5,105
4857,347,5,105
4858,349,5,106
4859,350,5,105
4860,351,5,105
4861,352,5,105
4862,354,5,105
4863,355,5,105
4864,356,5,105
4865,357,5,105
4866,358,5,105
4867,359,5,105
4868,360,5,105
4869,361,5,105
4870,362,5,105
4871,363,5,105
4872,364,5,105
4873,365,5,106
4874,366,5,106
4875,367,5,105
4876,368,5,105
4877,369,5,105
4878,370,5,105
4879,371,5,105
4880,372,5,105
4881,373,5,105
4882,374,5,105
4883,375,5,105
4884,376,5,104
4885,377,5,104
4886,378,5,104
4887,379,5,104
4888,380,5,105
4889,381,5,106
4890,382,5,105
4891,383,5,105
4892,384,5,105
4893,385,5,105
4894,386,5,106
4895,387,5,106
4896,388,5,105
4897,389,5,105
4898,390,5,106
4899,391,5,106
4900,392,5,106
4901,393,5,105
4902,394,5,106
4903,395,5,106
4904,396,5,106
4905,397,5,105
4906,398,5,105
4907,399,5,105
4908,400,5,105
4909,401,5,105
4910,402,5,105
4911,403,5,104
4912,404,5,104
4913,405,5,104
4914,406,5,104
4915,407,5,104
4916,408,5,104
4917,409,5,104
4918,410,5,105
4919,411,5,104
4920,412,5,104
4921,413,5,104
4922,414,5,104
4923,415,5,104
4924,416,5,104
4925,417,5,104
4926,418,5,104
4927,420,5,105
4928,421,5,105
4929,422,5,105
4930,423,5,105
4931,424,5,105
4932,425,5,104
4933,426,5,104
4934,427,5,105
4935,430,5,104
4936,431,5,104
4937,432,5,104
4938,433,5,104
4939,434,5,104
4940,435,5,104
4941,436,5,104
4942,437,5,104
4943,438,5,104
4944,439,5,104
4945,440,5,104
4946,441,5,104
4947,442,5,104
4948,443,5,104
4949,444,5,104
4950,445,5,104
4951,446,5,104
4952,447,5,104
4953,448,5,104
4954,449,5,104
4955,450,5,105
4956,451,5,104
4957,452,5,104
4958,453,5,104
4959,454,5,104
4960,455,5,104
4961,456,5,104
4962,457,5,104
4963,458,5,104
4964,459,5,104
4965,460,5,105
4966,461,5,105
4967,462,5,105
4968,463,5,105
4969,464,5,105
4970,465,5,105
4971,466,5,105
4972,467,5,104
4973,468,5,104
4974,469,5,105
4975,470,5,105
4976,471,5,105
4977,472,5,105
4978,473,5,104
4979,474,5,105
4980,475,5,105
4981,476,5,105
4982,477,5,105
4983,478,5,105
4984,479,5,105
4985,480,5,104
4986,481,5,104
4987,482,5,104
4988,483,5,104
4989,484,5,104
4990,485,5,104
4991,486,5,104
4992,487,5,104
4993,488,5,104
4994,489,5,104
4995,490,5,104
4996,491,5,104
4997,492,5,104
4998,493,5,104
4999,494,5,104
5000,495,5,104
5001,496,5,104
5002,497,5,105
5003,498,5,105
5004,499,5,105
5005,500,5,105
5006,501,5,105
5007,502,5,105
5008,503,5,105
5009,504,5,105
5010,505,5,106
5011,506,5,105
5012,507,5,105
5013,508,5,105
5014,509,5,105
5015,510,5,106
5016,511,5,106
5017,512,5,106
5018,513,5,106
5019,514,5,106
5020,515,5,106
5021,516,5,106
5022,520,5,105
5023,521,5,105
5024,522,5,105
5025,523,5,105
5026,524,5,105
5027,525,5,105
5028,526,5,105
5029,527,5,105
5030,528,5,105
5031,530,5,105
5032,531,5,105
5033,532,5,105
5034,534,5,105
5035,535,5,105
5036,537,5,105
5037,538,5,105
5038,539,5,105
5039,540,5,105
5040,541,5,105
5041,542,5,105
5042,543,5,105
5043,544,5,105
5044,545,5,105
5045,546,5,105
5046,547,5,105
5047,548,5,105
5048,549,5,105
5049,550,5,105
5050,551,5,105
5051,553,5,105
5052,554,5,105
5053,555,5,105
5054,556,5,105
5055,557,5,105
5056,558,5,105
5057,559,5,105
5058,560,5,106
5059,561,5,106
5060,562,5,106
5061,563,5,106
5062,564,5,106
5063,565,5,106
5064,566,5,106
5065,567,5,106
5066,569,5,106
5067,570,5,106
5068,571,5,106
5069,572,5,106
5070,573,5,106
5071,574,5,106
5072,575,5,106
5073,576,5,107
5074,577,5,107
5075,580,5,106
5076,581,5,106
5077,582,5,106
5078,583,5,106
5079,584,5,106
5080,585,5,106
5081,586,5,107
5082,587,5,107
5083,588,5,107
5084,590,5,107
5085,591,5,107
5086,592,5,107
5087,593,5,107
5088,594,5,108
5089,595,5,107
5090,596,5,108
5091,597,5,108
5092,598,5,108
5093,599,5,108
5094,600,5,105
5095,601,5,105
5096,602,5,105
5097,603,5,105
5098,604,5,105
5099,605,5,105
5100,606,5,105
5101,607,5,105
5102,608,5,105
5103,609,5,105
5104,610,5,105
5105,611,5,105
5106,612,5,105
5107,613,5,105
5108,614,5,105
5109,615,5,105
5110,616,5,105
5111,617,5,105
5112,618,5,105
5113,619,5,105
5114,620,5,105
5115,622,5,105
5116,623,5,105
5117,624,5,105
5118,625,5,105
5119,626,5,105
5120,627,5,105
5121,628,5,105
5122,629,5,105
5123,630,5,105
5124,631,5,105
5125,633,5,105
5126,634,5,105
5127,635,5,105
5128,636,5,105
5129,637,5,105
5130,638,5,105
5131,639,5,106
5132,640,5,106
5133,641,5,106
5134,644,5,106
5135,645,5,106
5136,646,5,106
5137,647,5,106
5138,648,5,106
5139,649,5,106
5140,650,5,105
5141,651,5,105
5142,652,5,105
5143,653,5,106
5144,654,5,105
5145,655,5,105
5146,656,5,106
5147,657,5,106
5148,658,5,106
5149,660,5,106
5150,661,5,106
5151,662,5,106
5152,664,5,106
5153,665,5,106
5154,666,5,106
5155,667,5,106
5156,668,5,106
5157,669,5,106
5158,670,5,106
5159,671,5,106
5160,672,5,106
5161,673,5,106
5162,674,5,106
5163,675,5,106
5164,676,5,106
5165,677,5,107
5166,678,5,106
5167,679,5,107
5168,680,5,106
5169,681,5,106
5170,683,5,106
5171,684,5,106
5172,685,5,106
5173,686,5,106
5174,687,5,106
5175,688,5,106
5176,689,5,106
5177,690,5,106
5178,691,5,106
5179,692,5,106
5180,693,5,107
5181,700,5,106
5182,701,5,106
5183,703,5,106
5184,704,5,106
5185,705,5,106
5186,706,5,106
5187,707,5,106
5188,708,5,106
5189,710,5,106
5190,711,5,106
5191,712,5,106
5192,713,5,106
5193,714,5,106
5194,716,5,106
5195,717,5,106
5196,718,5,106
5197,719,5,106
5198,720,5,106
5199,721,5,106
5200,722,5,106
5201,723,5,106
5202,724,5,105
5203,725,5,105
5204,726,5,106
5205,727,5,106
5206,728,5,106
5207,729,5,106
5208,730,5,106
5209,731,5,106
5210,733,5,107
5211,734,5,106
5212,735,5,106
5213,736,5,106
5214,737,5,106
5215,738,5,106
5216,739,5,107
5217,740,5,106
5218,741,5,106
5219,743,5,106
5220,744,5,106
5221,745,5,106
5222,746,5,106
5223,747,5,106
5224,748,5,106
5225,749,5,106
5226,750,5,106
5227,751,5,106
5228,752,5,106
5229,753,5,106
5230,754,5,106
5231,755,5,106
5232,756,5,106
5233,757,5,106
5234,758,5,106
5235,759,5,106
5236,760,5,106
5237,761,5,106
5238,762,5,106
5239,763,5,106
5240,764,5,106
5241,765,5,107
5242,766,5,106
5243,767,5,106
5244,768,5,107
5245,769,5,107
5246,770,5,106
5247,772,5,106
5248,773,5,106
5249,774,5,106
5250,775,5,106
5251,776,5,106
5252,777,5,106
5253,778,5,106
5254,779,5,107
5255,780,5,107
5256,781,5,107
5257,782,5,107
5258,783,5,107
5259,784,5,107
5260,785,5,107
5261,786,5,107
5262,787,5,107
5263,788,5,107
5264,789,5,107
5265,790,5,107
5266,791,5,107
5267,792,5,107
5268,793,5,107
5269,794,5,107
5270,795,5,107
5271,796,5,107
5272,797,5,107
5273,798,5,108
5274,799,5,108
5275,800,5,107
5276,801,5,107
5277,802,5,107
5278,803,5,107
5279,804,5,107
5280,805,5,107
5281,806,5,107
5282,807,5,107
5283,808,5,107
5284,809,5,107
5285,810,5,107
5286,811,5,107
5287,812,5,107
5288,813,5,107
5289,814,5,107
5290,815,5,108
5291,816,5,107
5292,820,5,107
5293,821,5,107
5294,822,5,107
5295,823,5,107
5296,824,5,107
5297,825,5,107
5298,826,5,107
5299,827,5,107
5300,828,5,107
5301,829,5,107
5302,830,5,107
5303,831,5,107
5304,832,5,108
5305,833,5,108
5306,834,5,108
5307,835,5,108
5308,836,5,108
5309,837,5,108
5310,838,5,108
5311,840,5,108
5312,841,5,108
5313,842,5,108
5314,843,5,108
5315,844,5,108
5316,845,5,108
5317,846,5,108
5318,847,5,108
5319,850,5,108
5320,851,5,108
5321,852,5,108
5322,853,5,108
5323,855,5,108
5324,856,5,108
5325,857,5,108
5326,859,5,108
5327,860,5,108
5328,863,5,108
5329,864,5,108
5330,865,5,108
5331,870,5,107
5332,871,5,107
5333,873,5,108
5334,874,5,108
5335,875,5,107
5336,877,5,107
5337,878,5,107
5338,879,5,107
5339,880,5,108
5340,881,5,107
5341,882,5,107
5342,883,5,107
5343,884,5,107
5344,885,5,108
5345,889,5,108
5346,890,5,108
5347,891,5,108
5348,893,5,108
5349,894,5,108
5350,895,5,108
5351,897,5,108
5352,898,5,108
5353,900,5,108
5354,901,5,108
5355,902,5,108
5356,903,5,108
5357,904,5,108
5358,905,5,108
5359,906,5,108
5360,907,5,108
5361,908,5,108
5362,910,5,108
5363,911,5,108
5364,912,5,108
5365,913,5,108
5366,914,5,108
5367,915,5,108
5368,916,5,108
5369,917,5,108
5370,918,5,108
5371,919,5,108
5372,920,5,108
5373,921,5,108
5374,922,5,108
5375,923,5,108
5376,924,5,108
5377,925,5,108
5378,926,5,108
5379,927,5,108
5380,928,5,108
5381,930,5,108
5382,931,5,108
5383,932,5,108
5384,933,5,108
5385,934,5,108
5386,935,5,108
5387,936,5,108
5388,937,5,108
5389,938,5,108
5390,939,5,108
5391,940,5,108
5392,941,5,108
5393,942,5,108
5394,943,5,108
5395,944,5,108
5396,945,5,108
5397,946,5,108
5398,947,5,108
5399,948,5,108
5400,949,5,108
5401,950,5,108
5402,951,5,108
5403,952,5,108
5404,953,5,108
5405,954,5,108
5406,955,5,108
5407,956,5,108
5408,957,5,108
5409,958,5,108
5410,959,5,108
5411,960,5,108
5412,961,5,108
5413,970,5,108
5414,971,5,108
5415,972,5,108
5416,973,5,108
5417,974,5,108
5418,975,5,108
5419,976,5,108
5420,977,5,108
5421,978,5,108
5422,979,5,108
5423,980,5,108
5424,981,5,108
5425,982,5,108
5426,983,5,108
5427,984,5,108
5428,985,5,108
5429,986,5,108
5430,988,5,108
5431,989,5,108
5432,990,5,108
5433,991,5,108
5434,992,5,108
5435,993,5,108
5436,994,5,108